month,percentile,threshold_rule,n,pr_n,pr_share,pl_n,pl_share,hr_n,hr_share,lt_n,lt_share,effect_status,hr_median_desc_breadth,pl_median_desc_breadth,mann_whitney_u,p_value,signed_rank_biserial,absolute_rank_biserial,download_boundary,modelrank_boundary,download_boundary_tie_n,modelrank_boundary_tie_n,download_high_n,modelrank_high_n,exact_modelrank
2024-07,0.5,percentile_with_ties,136705,72153,0.527800738817161,0,0.0,2181,0.0159540616656303,62371,0.4562451995172086,not_estimable_empty_group,0.0,,,,,,3.0,0.3630898614076372,13481,12453,72153,74334,False
2024-07,0.7,percentile_with_ties,136705,37468,0.2740792216817234,5042,0.0368823378808383,3545,0.0259317508503712,90650,0.6631066895870671,estimable,1.0,0.0,15684107.0,0.0,-0.7549740990909086,0.7549740990909086,8.0,0.6873420372836803,1773,2,42510,41013,False
2024-07,0.8,percentile_with_ties,136705,23274,0.1702498079806883,4590,0.0335759482096485,4067,0.0297501920193116,104774,0.7664240517903514,estimable,1.0,0.0,17136824.5,0.0,-0.8360034241273484,0.8360034241273484,22.0,1.1401263309377063,606,0,27864,27341,False
2024-07,0.85,percentile_with_ties,136705,15943,0.1166233861234044,4590,0.0335759482096485,4609,0.0337149336161808,111563,0.8160857320507663,estimable,1.0,0.0,19705712.5,0.0,-0.8629566288558286,0.8629566288558286,76.0,1.424308947636195,52,48,20533,20552,False
2024-07,0.9,percentile_with_ties,136705,9601,0.0702315204271972,4092,0.0299330675542225,4071,0.0297794521048974,118941,0.8700559599136828,estimable,1.0,0.0,15897404.5,0.0,-0.9086200992980652,0.9086200992980652,219.0,1.8558965922405413,42,2,13693,13672,False
2024-07,0.95,percentile_with_ties,136705,3895,0.0284920083391243,2947,0.0215573680553015,2941,0.0215134779269229,126922,0.9284371456786512,estimable,3.0,0.0,8526166.5,0.0,-0.9674723815631175,0.9674723815631175,869.0,2.826225804795912,25,0,6842,6836,False
2024-08,0.5,percentile_with_ties,174484,87248,0.5000343871071273,0,0.0,5433,0.0311375255037711,81803,0.4688280873891016,not_estimable_empty_group,1.0,,,,,,4.0,0.0599912668759677,14557,13111,87248,92681,False
2024-08,0.7,percentile_with_ties,174484,45866,0.2628665092501318,6872,0.0393847000298021,6512,0.0373214736021641,115234,0.6604273171179019,estimable,1.0,0.0,37881182.5,0.0,-0.6929961888216398,0.6929961888216398,9.0,0.0956076405545203,4299,1991,52738,52378,False
2024-08,0.8,percentile_with_ties,174484,29155,0.1670926847160771,6284,0.0360147635313266,5742,0.0329084615208271,133303,0.763984090231769,estimable,1.0,0.0,33051847.0,0.0,-0.832003777541432,0.832003777541432,19.0,0.1436101164937157,896,0,35439,34897,False
2024-08,0.85,percentile_with_ties,174484,20175,0.1156266477155498,6019,0.0344959996332041,5998,0.0343756447582586,142292,0.8155017078929874,estimable,1.0,0.0,33479694.5,0.0,-0.8547299174488079,0.8547299174488079,48.0,0.1790677244684971,172,0,26194,26173,False
2024-08,0.9,percentile_with_ties,174484,11845,0.0678858806538135,5622,0.0322207193782811,5609,0.0321462139795052,151408,0.8677471859884001,estimable,2.0,0.0,30238751.0,0.0,-0.9178629228233148,0.9178629228233148,116.0,0.2308944160471986,73,12,17467,17454,False
2024-08,0.95,percentile_with_ties,174484,4821,0.0276300405767864,3904,0.0223745443708305,3904,0.0223745443708305,161855,0.9276208706815524,estimable,2.0,0.0,15056919.5,0.0,-0.9758160372505712,0.9758160372505712,504.8500000000058,0.3798746261981649,0,0,8725,8725,False
2024-09,0.5,percentile_with_ties,254016,127634,0.5024644116906022,15102,0.0594529478458049,1918,0.0075507054673721,109362,0.4305319349962207,estimable,1.0,0.0,23180671.5,0.0,-0.600563612689188,0.600563612689188,3.0,0.0703686658966079,16269,21442,142736,129552,False
2024-09,0.7,percentile_with_ties,254016,71024,0.2796044343663391,9151,0.0360252897455278,5190,0.0204317838246409,168651,0.6639384920634921,estimable,1.0,0.0,39526765.0,0.0,-0.6645059585810242,0.6645059585810242,7.0,0.1006748007211756,6249,2957,80175,76214,False
2024-09,0.8,percentile_with_ties,254016,43555,0.1714655769715293,7886,0.0310452884857646,7656,0.0301398337112622,194919,0.7673493008314437,estimable,1.0,0.0,51837177.0,0.0,-0.7171674218109629,0.7171674218109629,16.0,0.1441022617162178,1283,617,51441,51211,False
2024-09,0.85,percentile_with_ties,254016,31319,0.123295382968002,7113,0.0280021730914588,6819,0.0268447656840514,208765,0.8218576782564878,estimable,1.0,0.0,44966716.0,0.0,-0.8541619646909535,0.8541619646909535,30.0,0.1881845308856164,482,67,38432,38138,False
2024-09,0.9,percentile_with_ties,254016,18204,0.0716647770219198,7259,0.0285769400352733,7231,0.0284667107583774,221322,0.8712915721844293,estimable,1.0,0.0,49805459.0,0.0,-0.8977184703726127,0.8977184703726127,100.0,0.2475988486003169,68,39,25463,25435,False
2024-09,0.95,percentile_with_ties,254016,7246,0.0285257621567145,5459,0.0214907722348198,5455,0.0214750251952632,235856,0.9285084404132024,estimable,2.0,0.0,29203912.0,0.0,-0.96138648090616,0.96138648090616,417.0,0.3652281382074577,16,0,12705,12701,False
2024-10,0.5,percentile_with_ties,278265,143120,0.5143298654160602,0,0.0,1637,0.0058828814259788,133508,0.4797872531579609,not_estimable_empty_group,1.0,,,,,,2.0,0.0472040303948465,23167,21990,143120,144757,False
2024-10,0.7,percentile_with_ties,278265,82141,0.2951898370258566,6763,0.0243041704849693,4577,0.0164483495948107,184784,0.6640576428943633,estimable,1.0,0.0,23919646.5,0.0,-0.5454837850865784,0.5454837850865784,6.0,0.0893472817938003,7718,4928,88904,86718,False
2024-10,0.8,percentile_with_ties,278265,48806,0.1753939589959211,7429,0.0266975724579088,7113,0.0255619643145922,214917,0.7723465042315778,estimable,1.0,0.0,44264811.0,0.0,-0.6753495866592325,0.6753495866592325,13.0,0.1287175091288146,2554,975,56235,55919,False
2024-10,0.85,percentile_with_ties,278265,34759,0.1249133020681724,7200,0.0258746159236698,7131,0.0256266508544013,229175,0.8235854311537563,estimable,1.0,0.0,47331314.0,0.0,-0.8437227909440783,0.8437227909440783,22.0,0.1713945184491397,782,235,41959,41890,False
2024-10,0.9,percentile_with_ties,278265,20790,0.0747129534795967,7065,0.025389466875101,7057,0.0253607173018525,243353,0.8745368623434496,estimable,1.0,0.0,47526892.5,0.0,-0.9065014123694624,0.9065014123694624,75.0,0.238593793034825,136,26,27855,27847,False
2024-10,0.95,percentile_with_ties,278265,8272,0.0297270587389718,5643,0.0202792302301762,5642,0.0202756365335202,258708,0.9297180744973316,estimable,2.0,0.0,31434577.5,0.0,-0.9746698312063338,0.9746698312063338,372.0,0.368049817079796,13,0,13915,13914,False
2024-11,0.5,percentile_with_ties,306140,155123,0.5067060821846214,0,0.0,2469,0.0080649376102436,148548,0.4852289802051349,not_estimable_empty_group,0.0,,,,,,3.0,0.048242721410283,5934,6099,155123,157592,False
2024-11,0.7,percentile_with_ties,306140,87869,0.2870222773894296,4664,0.0152348598680342,7908,0.025831319004377,205699,0.671911543738159,estimable,1.0,0.0,30169164.0,0.0,-0.635942628391164,0.635942628391164,15.0,0.0985951655626621,5527,4738,92533,95777,False
2024-11,0.8,percentile_with_ties,306140,51203,0.1672535441301365,13333,0.0435519696870712,10239,0.0334454824590056,231365,0.7557490037237865,estimable,1.0,0.0,117388427.5,0.0,-0.7197679795496206,0.7197679795496206,21.0,0.1195019562069231,3387,621,64536,61442,False
2024-11,0.85,percentile_with_ties,306140,36322,0.1186450643496439,10015,0.0327137910759783,9709,0.0317142483830927,250094,0.816926896191285,estimable,1.0,0.0,91715108.5,0.0,-0.8864505487108714,0.8864505487108714,31.0,0.1529258087360726,777,119,46337,46031,False
2024-11,0.9,percentile_with_ties,306140,21329,0.0696707388776376,9389,0.0306689749787678,9304,0.0303913242307441,266118,0.8692689619128503,estimable,1.0,0.0,84697993.5,0.0,-0.9391619320536362,0.9391619320536362,82.0,0.2028459520811253,157,39,30718,30633,False
2024-11,0.95,percentile_with_ties,306140,8472,0.0276736133794995,6852,0.0223819167701051,6835,0.0223263866205004,283981,0.9276180832298948,estimable,2.0,0.0,46463032.5,0.0,-0.984182769483843,0.984182769483843,364.0,0.3301778353746886,34,0,15324,15307,False
2024-12,0.5,percentile_with_ties,343340,172288,0.5017999650492223,11542,0.0336168229743111,2156,0.0062794897186462,157354,0.4583037222578202,estimable,0.0,0.0,15367101.0,0.0,-0.235071541573262,0.235071541573262,2.0,0.0487978118922817,12563,9295,183830,174444,False
2024-12,0.7,percentile_with_ties,343340,99461,0.2896866080270286,4648,0.0135376012116269,7030,0.0204753305761053,232201,0.6763004601852391,estimable,1.0,0.0,25328433.5,0.0,-0.5503040509936514,0.5503040509936514,12.0,0.09289529464686,5683,4882,104109,106491,False
2024-12,0.8,percentile_with_ties,343340,57398,0.167175394652531,12506,0.0364245354459136,11884,0.034612920137473,261552,0.7617871497640822,estimable,1.0,0.0,122411152.5,0.0,-0.6472894424341749,0.6472894424341749,19.0,0.1146855865884295,3346,1993,69904,69282,False
2024-12,0.85,percentile_with_ties,343340,40777,0.1187656550358245,12640,0.0368148191297256,10926,0.0318226830546979,278997,0.8125968427797519,estimable,1.0,0.0,126613034.0,0.0,-0.8335811743906649,0.8335811743906649,25.0,0.1404129588959082,2372,421,53417,51703,False
2024-12,0.9,percentile_with_ties,343340,23906,0.0696277742179763,10725,0.03123725752898,10441,0.030410089124483,298268,0.8687248791285606,estimable,1.0,0.0,108824516.5,0.0,-0.9436467896308908,0.9436467896308908,51.0,0.1918775380863641,309,32,34631,34347,False
2024-12,0.95,percentile_with_ties,343340,8933,0.0260179413991961,8280,0.0241160365818139,8234,0.0239820586008038,317893,0.925883963418186,estimable,2.0,0.0,66708494.0,0.0,-0.9569058540117036,0.9569058540117036,235.0,0.3360773304774441,48,0,17213,17167,False
2025-01,0.5,percentile_with_ties,399316,208848,0.5230143545462741,0,0.0,4252,0.0106482084364262,186216,0.4663374370172995,not_estimable_empty_group,0.0,,,,,,3.0,0.0459266797055755,14774,14615,208848,213100,False
2025-01,0.7,percentile_with_ties,399316,110935,0.2778125594767052,13114,0.0328411583808312,10192,0.0255236454336916,265075,0.663822636708772,estimable,1.0,0.0,117260375.5,0.0,-0.7546345712121383,0.7546345712121383,10.0,0.091853359411151,5373,1793,124049,121127,False
2025-01,0.8,percentile_with_ties,399316,66937,0.1676291458393853,13423,0.0336149816185677,12950,0.0324304560798966,306006,0.7663254164621502,estimable,1.0,0.0,161087876.0,0.0,-0.8534184942171235,0.8534184942171235,46.0,0.1487044675713407,616,194,80360,79887,False
2025-01,0.85,percentile_with_ties,399316,43454,0.1088210840537318,17004,0.042582816616414,16963,0.0424801410411804,321895,0.8061159582886737,estimable,1.0,0.0,254610291.5,0.0,-0.7654368663206301,0.7654368663206301,90.0,0.158605276072982,738,558,60458,60417,False
2025-01,0.9,percentile_with_ties,399316,24667,0.0617731320558154,15378,0.0385108535595868,15287,0.0382829638682146,343984,0.861433050516383,estimable,1.0,0.0,218777015.5,0.0,-0.8612708125316808,0.8612708125316808,119.0,0.1811518922358358,554,34,40045,39954,False
2025-01,0.95,percentile_with_ties,399316,9923,0.0248499934888659,10146,0.0254084484468441,10044,0.0251530116499213,369203,0.9245885464143686,estimable,2.0,0.0,101071685.5,0.0,-0.9836175489780704,0.9836175489780704,215.0,0.3018013263886664,114,2,20069,19967,False
2025-02,0.5,percentile_with_ties,434003,216508,0.498862911085868,10216,0.0235390077948769,2326,0.0053594099579956,204953,0.4722386711612592,estimable,0.0,0.0,15704472.0,0.0,-0.321790848203314,0.321790848203314,4.0,0.0547300579550868,10949,7872,226724,218834,False
2025-02,0.7,percentile_with_ties,434003,120818,0.2783805641896484,12386,0.0285389732329039,10926,0.0251749411870424,289873,0.6679055213904052,estimable,1.0,0.0,119968274.0,0.0,-0.7729812160009297,0.7729812160009297,14.0,0.08993914570711,4772,2505,133204,131744,False
2025-02,0.8,percentile_with_ties,434003,70949,0.1634758285080978,16325,0.037614947362115,16089,0.0370711723190853,330640,0.7618380518107017,estimable,1.0,0.0,249187489.5,0.0,-0.8974659391286048,0.8974659391286048,32.0,0.1265538190730669,1247,427,87274,87038,False
2025-02,0.85,percentile_with_ties,434003,47139,0.1086144565820973,18344,0.0422669889378644,17990,0.04145132637332,350530,0.8076672281067182,estimable,1.0,0.0,314180092.0,0.0,-0.9040723792134362,0.9040723792134362,58.0,0.1477262956331014,551,197,65483,65129,False
2025-02,0.9,percentile_with_ties,434003,26711,0.0615456575184964,16852,0.0388292246827786,16690,0.0384559553735803,373750,0.8611691624251445,estimable,2.0,0.0,272556101.0,0.0,-0.938108634619342,0.938108634619342,111.0,0.1825346650438559,410,0,43563,43401,False
2025-02,0.95,percentile_with_ties,434003,9818,0.022621963442649,11914,0.0274514231468446,11883,0.0273799950691585,400388,0.922546618341348,estimable,2.0,0.0,141040830.5,0.0,-0.9924671017774428,0.9924671017774428,294.0,0.2954798499405546,50,0,21732,21701,False
2025-03,0.5,percentile_with_ties,467627,249855,0.5343040500227746,0,0.0,3764,0.0080491502843077,214008,0.4576467996929176,not_estimable_empty_group,0.0,,,,,,2.0,0.0381038982023998,41679,36559,249855,253619,False
2025-03,0.7,percentile_with_ties,467627,130939,0.2800073562903767,17689,0.0378271571145378,14450,0.0309006964952836,304549,0.6512647900998018,estimable,1.0,0.0,215817470.0,0.0,-0.6886726272715376,0.6886726272715376,5.0,0.0721226493088561,13168,7289,148628,145389,False
2025-03,0.8,percentile_with_ties,467627,76134,0.1628092475413096,17618,0.0376753267026925,18062,0.0386248013908521,355813,0.7608906243651458,estimable,1.0,0.0,307089696.5,0.0,-0.9300688309143772,0.9300688309143772,14.0,0.1202044155147602,2470,759,93752,94196,False
2025-03,0.85,percentile_with_ties,467627,50858,0.1087576209243692,20007,0.0427840992928124,19395,0.0414753639118357,377367,0.8069829158709826,estimable,1.0,0.0,377541939.5,0.0,-0.9459131015925812,0.9459131015925812,29.0,0.1488088486478161,916,150,70865,70253,False
2025-03,0.9,percentile_with_ties,467627,29288,0.0626311141144544,17692,0.0378335724840524,17512,0.0374486503131769,403135,0.8620866630883162,estimable,2.0,0.0,304566175.0,0.0,-0.9660700412324092,0.9660700412324092,61.0,0.1913654759481211,380,38,46980,46800,False
2025-03,0.95,percentile_with_ties,467627,10713,0.0229092845366071,12720,0.027201166741869,12669,0.0270921054601209,431525,0.9227974432614028,estimable,2.0,0.0,160392319.0,0.0,-0.9906005274102934,0.9906005274102934,216.0,0.3177456164042713,72,0,23433,23382,False
2025-04,0.5,percentile_with_ties,499532,499532,1.0,0,0.0,0,0.0,0,0.0,not_estimable_empty_group,,,,,,,0.0,0.0,262485,251250,499532,499532,False
2025-04,0.7,percentile_with_ties,499532,138028,0.2763146304941425,16902,0.0338356701872953,13888,0.0278020226932408,330714,0.6620476766253213,estimable,1.0,0.0,215853620.0,0.0,-0.8391261811788968,0.8391261811788968,4.0,0.0845373232891093,12852,6200,154930,151916,False
2025-04,0.8,percentile_with_ties,499532,82395,0.1649443879471185,20873,0.0417851108637684,18469,0.0369726063595525,377795,0.7562978948295604,estimable,1.0,0.0,372149720.5,0.0,-0.930720635831841,0.930720635831841,10.0,0.1380660685781128,4275,1284,103268,100864,False
2025-04,0.85,percentile_with_ties,499532,54068,0.1082373101222744,21394,0.0428280870895157,21065,0.0421694706245045,403005,0.8067651321637053,estimable,2.0,0.0,437823487.0,0.0,-0.9430125076828196,0.9430125076828196,21.0,0.1748757296924748,1474,252,75462,75133,False
2025-04,0.9,percentile_with_ties,499532,31457,0.0629729426743431,18502,0.037038668193429,18518,0.0370706981734903,431055,0.8629176909587374,estimable,2.0,0.0,336339736.0,0.0,-0.963339563714248,0.963339563714248,48.0,0.2265555325290591,621,87,49959,49975,False
2025-04,0.95,percentile_with_ties,499532,11105,0.022230808036322,13874,0.0277739964606872,13874,0.0277739964606872,460679,0.9222211990423036,estimable,3.0,0.0,191529727.0,0.0,-0.9900445781842384,0.9900445781842384,173.0,0.3522284686906403,96,3,24979,24979,False
2025-05,0.5,percentile_with_ties,529182,278940,0.5271154347653548,0,0.0,5484,0.0103631642799641,244758,0.462521400954681,not_estimable_empty_group,0.0,,,,,,2.0,0.0419777371525593,29869,27844,278940,284424,False
2025-05,0.7,percentile_with_ties,529182,154308,0.2915972198600859,13924,0.0263123084307478,9534,0.0180164858215132,351416,0.664073985887653,estimable,1.0,0.0,101812745.0,0.0,-0.5338856347867507,0.5338856347867507,7.0,0.0839554743051186,16714,8913,168232,163842,False
2025-05,0.8,percentile_with_ties,529182,88462,0.1671674395576569,22584,0.0426771885665045,17868,0.0337653208159007,400268,0.7563900510599378,estimable,1.0,0.0,347010975.5,0.0,-0.719873076291117,0.719873076291117,12.0,0.1104404776622703,8126,707,111046,106330,False
2025-05,0.85,percentile_with_ties,529182,59669,0.1127570476697998,23602,0.0446009123515161,20001,0.0377960701611165,425910,0.8048459698175675,estimable,1.0,0.0,447925279.0,0.0,-0.897732750850806,0.897732750850806,16.0,0.1399838955104635,4491,468,83271,79670,False
2025-05,0.9,percentile_with_ties,529182,33337,0.0629972296865728,20012,0.0378168569603652,19583,0.0370061717896678,456250,0.862179741563394,estimable,2.0,0.0,385283242.0,0.0,-0.9662575227166208,0.9662575227166208,29.0,0.1877114771442029,941,140,53349,52920,False
2025-05,0.95,percentile_with_ties,529182,12429,0.0234871934419538,14117,0.0266770222721105,14031,0.0265145072961665,488605,0.9233212769897692,estimable,2.0,0.0,197070072.5,0.0,-0.989846761913822,0.989846761913822,115.0,0.299666009044311,125,0,26546,26460,False
2025-06,0.5,percentile_with_ties,552524,275922,0.49938464211509365,44511,0.08055939651490251,4806,0.008698264690764564,227285,0.41135769667923927,estimable,1.0,0.0,166793398.0,0.0,-0.559400733730826,0.559400733730826,3.0,0.04721529666079914,47596,25284,320433,280728,False
2025-06,0.7,percentile_with_ties,552524,148668,0.26907066480370084,31982,0.057883458456103265,21236,0.03843452954079823,350638,0.6346113471993977,estimable,1.0,0.0,603006007.5,0.0,-0.7757151455119573,0.7757151455119573,8.0,0.07289849688372926,17029,7996,180650,169904,False
2025-06,0.8,percentile_with_ties,552524,83877,0.15180698033026618,27830,0.0503688527557174,26905,0.04869471733354569,413912,0.7491294495804707,estimable,1.0,0.0,725293958.0,0.0,-0.937304345288579,0.937304345288579,15.0,0.10593174122849029,4266,498,111707,110782,False
2025-06,0.85,percentile_with_ties,552524,56718,0.10265255445917282,27189,0.04920872215505571,26357,0.04770290521316721,442260,0.8004358181726042,estimable,1.0,0.0,704242004.5,0.0,-0.965453209986648,0.965453209986648,27.0,0.13539154424319744,1194,206,83907,83075,False
2025-06,0.9,percentile_with_ties,552524,31533,0.05707082407280046,24052,0.043531140728728525,23730,0.042948360614199564,473209,0.8564496745842715,estimable,2.0,0.0,561728165.0,0.0,-0.9683723788793335,0.9683723788793335,73.0,0.1671328586157394,375,59,55585,55263,False
2025-06,0.95,percentile_with_ties,552524,12056,0.021819866648326587,15596,0.028226828155881012,15571,0.028181581252579073,509301,0.9217717239432133,estimable,2.0,0.0,241972357.5,0.0,-0.9928105798836986,0.9928105798836986,225.0,0.2702684380322936,82,0,27652,27627,False
2025-07,0.5,percentile_with_ties,574437,287431,0.5003699274245914,222085,0.3866133274841279,2833,0.0049317853829053,62088,0.1080849597083753,estimable,1.0,0.0,479638563.5,0.0,-0.5246785421236584,0.5246785421236584,2.0,0.0435852915536037,232434,62335,509516,290264,False
2025-07,0.7,percentile_with_ties,574437,155598,0.2708704348779762,50148,0.0872993905336877,18417,0.0320609570762329,350274,0.6097692175121031,estimable,1.0,0.0,826140235.5,0.0,-0.7890038059424247,0.7890038059424247,4.0,0.0611796913861626,41398,8978,205746,174015,False
2025-07,0.8,percentile_with_ties,574437,90261,0.157129502451966,29699,0.0517010568608916,25172,0.0438202970908907,429305,0.7473491435962516,estimable,1.0,0.0,725228964.0,0.0,-0.9401959188950666,0.9401959188950666,8.0,0.0985803833577675,6333,1167,119960,115433,False
2025-07,0.85,percentile_with_ties,574437,60694,0.1056582358030558,25513,0.0444139218051762,25480,0.0443564742521808,462750,0.8055713681395871,estimable,2.0,0.0,635905697.0,0.0,-0.9564184903796082,0.9564184903796082,18.0,0.1273786177916263,1666,79,86207,86174,False
2025-07,0.9,percentile_with_ties,574437,35782,0.062290555796371,21922,0.0381625835383166,21662,0.0377099664541107,495071,0.8618368942112016,estimable,2.0,0.0,465474297.5,0.0,-0.960410301281288,0.960410301281288,46.0,0.1616196593713486,603,0,57704,57444,False
2025-07,0.95,percentile_with_ties,574437,14441,0.0251393973577607,14284,0.0248660862722979,14284,0.0248660862722979,531428,0.9251284300976436,estimable,3.0,0.0,203308433.0,0.0,-0.992900910920848,0.992900910920848,154.0,0.2647751352530845,116,4,28725,28725,False
2025-08,0.5,percentile_with_ties,595863,310192,0.5205760384517918,0,0.0,8453,0.014186146815627,277218,0.4652378147325811,not_estimable_empty_group,0.0,,,,,,3.0,0.0498393029034701,46174,42800,310192,318645,False
2025-08,0.7,percentile_with_ties,595863,165785,0.2782267064744748,54537,0.0915260722682898,17780,0.0298390737468176,357761,0.6004081475104177,estimable,1.0,0.0,835075751.5,0.0,-0.7223954427034429,0.7223954427034429,5.0,0.0747589543552051,46022,12639,220322,183565,False
2025-08,0.8,percentile_with_ties,595863,93489,0.1568968034598557,32756,0.054972367809379,26936,0.0452050219597457,442682,0.7429258067710195,estimable,1.0,0.0,840266544.5,0.0,-0.9046847392532154,0.9046847392532154,9.0,0.1058568730272497,14674,1597,126245,120425,False
2025-08,0.85,percentile_with_ties,595863,64127,0.1076203758246442,26819,0.045008668099882,25447,0.0427061254013086,479470,0.804664830674165,estimable,2.0,0.0,665294084.0,0.0,-0.949685164879678,0.949685164879678,15.0,0.1384184181414999,2204,409,90946,89574,False
2025-08,0.9,percentile_with_ties,595863,37673,0.0632242646380124,22519,0.0377922441903591,21946,0.0368306137484623,513725,0.862152877423166,estimable,2.0,0.0,485902120.0,0.0,-0.9664110851973248,0.9664110851973248,37.0,0.1789208319783163,661,68,60192,59619,False
2025-08,0.95,percentile_with_ties,595863,14921,0.0250409909660442,14907,0.0250174956323852,14873,0.0249604355363565,551162,0.924981077865214,estimable,3.0,0.0,220462224.0,0.0,-0.9887278265026668,0.9887278265026668,128.0,0.2913976800617487,128,0,29828,29794,False
2025-09,0.5,percentile_with_ties,614625,374477,0.6092772015456579,0,0.0,21863,0.0355712833028269,218285,0.3551515151515151,not_estimable_empty_group,1.0,,,,,,3.0,0.0443925623813295,185327,179978,374477,396340,False
2025-09,0.7,percentile_with_ties,614625,166774,0.2713426886312792,22376,0.0364059385804352,25939,0.0422029692902176,399536,0.6500484034980679,estimable,1.0,0.0,509418144.0,0.0,-0.7553702043143684,0.7553702043143684,4.0,0.0573765545333307,28036,14517,189150,192713,False
2025-09,0.8,percentile_with_ties,614625,99696,0.1622062233068944,28308,0.0460573520439292,23966,0.0389928818385194,462655,0.7527435428106569,estimable,2.0,0.0,659786429.5,0.0,-0.9450404272498,0.9450404272498,8.0,0.0974931125946533,5652,1203,128004,123662,False
2025-09,0.85,percentile_with_ties,614625,68913,0.1121220256253813,24443,0.0397689648159446,23477,0.0381972747610331,497792,0.8099117347976409,estimable,2.0,0.0,562491222.0,0.0,-0.9604178010728692,0.9604178010728692,17.0,0.1331776871439885,2011,402,93356,92390,False
2025-09,0.9,percentile_with_ties,614625,39994,0.0650705714866788,21534,0.0350359975594874,21498,0.0349774252593044,531599,0.8649160056945292,estimable,2.0,0.0,454369168.5,0.0,-0.9629809401749349,0.9629809401749349,56.0,0.1745556870024762,356,54,61528,61492,False
2025-09,0.95,percentile_with_ties,614625,15176,0.0246914785438275,15561,0.0253178767541183,15556,0.0253097417124262,568332,0.9246809029896278,estimable,2.0,0.0,240661395.0,0.0,-0.98838733501277,0.98838733501277,233.0,0.2619543363433316,78,0,30737,30732,False
2025-10,0.5,percentile_with_ties,634093,634093,1.0,0,0.0,0,0.0,0,0.0,not_estimable_empty_group,,,,,,,0.0,0.0,348025,324679,634093,634093,False
2025-10,0.7,percentile_with_ties,634093,176765,0.2787682563914126,51861,0.0817876872950813,19275,0.0303977492260598,386192,0.6090463070874461,estimable,1.0,0.0,951967405.5,0.0,-0.9046571045904884,0.9046571045904884,2.0,0.0784365434086822,40533,10109,228626,196040,False
2025-10,0.8,percentile_with_ties,634093,102100,0.161017390193552,28442,0.0448546191173849,24848,0.0391866808181134,478703,0.7549413098709495,estimable,2.0,0.0,686653440.5,0.0,-0.9431933951123768,0.9431933951123768,8.0,0.1483759109315615,5720,1219,130542,126948,False
2025-10,0.85,percentile_with_ties,634093,72510,0.1143523110963218,24262,0.0382625261594119,22607,0.0356524989236594,514714,0.8117326638206067,estimable,2.0,0.0,537608969.0,0.0,-0.9603199894786248,0.9603199894786248,18.0,0.1961973051302416,1722,8,96772,95117,False
2025-10,0.9,percentile_with_ties,634093,42382,0.0668387760155056,21358,0.0336827563149254,21136,0.0333326499425163,549217,0.8661458177270527,estimable,2.0,0.0,438381577.0,0.0,-0.9422221729360664,0.9422221729360664,56.0,0.2497182525588382,486,181,63740,63518,False
2025-10,0.95,percentile_with_ties,634093,15313,0.0241494544175696,16535,0.0260766165215512,16392,0.0258510975519363,585853,0.9239228315089428,estimable,3.0,0.0,268690625.5,0.0,-0.9826514198625952,0.9826514198625952,170.0,0.3710781689205129,150,0,31848,31705,False
2025-11,0.5,percentile_with_ties,652368,357428,0.5478932136462855,0,0.0,8935,0.0136962573271527,286005,0.4384105290265617,not_estimable_empty_group,1.0,,,,,,3.0,0.0423817141248397,58582,52625,357428,366363,False
2025-11,0.7,percentile_with_ties,652368,172269,0.2640672135972334,27504,0.0421602531086748,27872,0.0427243518995413,424723,0.6510481813945503,estimable,1.0,0.0,705283943.0,0.0,-0.8400515895109966,0.8400515895109966,7.0,0.0733083209477588,15520,5839,199773,200141,False
2025-11,0.8,percentile_with_ties,652368,100412,0.1539192602948029,33037,0.0506416623746106,30069,0.0460920829961003,488850,0.749346994334486,estimable,1.0,0.0,977876018.0,0.0,-0.9687664623547738,0.9687664623547738,15.0,0.1214307369031018,3453,12,133449,130481,False
2025-11,0.85,percentile_with_ties,652368,65559,0.100493893017438,32913,0.050451585608123,32310,0.0495272606872194,521586,0.7995272606872195,estimable,2.0,0.0,1042431116.0,0.0,-0.96052748087459,0.96052748087459,38.0,0.1478545415433786,706,337,98472,97869,False
2025-11,0.9,percentile_with_ties,652368,35566,0.0545183086846687,30005,0.0459939788585583,29671,0.045481997890761,557126,0.8540057145660118,estimable,2.0,0.0,872249299.5,0.0,-0.9594979359011824,0.9594979359011824,89.0,0.1764457011105828,541,0,65571,65237,False
2025-11,0.95,percentile_with_ties,652368,12461,0.0191011821548573,20221,0.0309963088318249,20158,0.030899737571432,599528,0.9190027714418856,estimable,2.0,0.0,406547867.0,0.0,-0.994764416350434,0.994764416350434,214.0,0.2757152518246223,117,0,32682,32619,False
2025-12,0.5,percentile_with_ties,673096,329781,0.4899464563747222,38352,0.0569784993522469,9084,0.0134958460605916,295879,0.4395791982124392,estimable,1.0,0.0,270401487.5,0.0,-0.5522938247106182,0.5522938247106182,4.0,0.0516305109339491,44632,37398,368133,338865,False
2025-12,0.7,percentile_with_ties,673096,176947,0.2628852347956309,37884,0.0562832047731675,29543,0.0438912131404732,428722,0.6369403472907282,estimable,1.0,0.0,1009708531.0,0.0,-0.8043284578706695,0.8043284578706695,8.0,0.0716039190277011,21284,8774,214831,206490,False
2025-12,0.8,percentile_with_ties,673096,101367,0.1505981316186695,34490,0.0512408334026647,33576,0.0498829290324114,503663,0.7482781059462543,estimable,1.0,0.0,1119375558.0,0.0,-0.933230618067704,0.933230618067704,15.0,0.1032610218678983,4878,1517,135857,134943,False
2025-12,0.85,percentile_with_ties,673096,68713,0.1020849923339315,32840,0.0487894743097567,32724,0.0486171363371643,538819,0.8005083970191473,estimable,1.0,0.0,1048927179.5,0.0,-0.9521168138095444,0.9521168138095444,26.0,0.126270449778541,1973,511,101553,101437,False
2025-12,0.9,percentile_with_ties,673096,39833,0.059178779847154,28175,0.0418588136016259,27514,0.0408767842922852,577574,0.8580856222589348,estimable,2.0,0.0,763715044.0,0.0,-0.9703513855235688,0.9703513855235688,55.0,0.1615341957713476,795,89,68008,67347,False
2025-12,0.95,percentile_with_ties,673096,13353,0.0198381805864245,20402,0.0303106837657629,20303,0.0301636022201885,619038,0.919687533427624,estimable,2.0,0.0,412848630.5,0.0,-0.9933698541211032,0.9933698541211032,177.0,0.2537747807619612,113,1,33755,33656,False
2026-01,0.5,percentile_with_ties,693725,366339,0.5280752459548091,0,0.0,16953,0.0244376373923384,310433,0.4474871166528523,not_estimable_empty_group,0.0,,,,,,1.0,0.0291753284107476,106686,100814,366339,383292,False
2026-01,0.7,percentile_with_ties,693725,189626,0.2733446250315327,30009,0.0432577750549569,22089,0.0318411474287361,452001,0.6515564524847742,estimable,1.0,0.0,578395708.5,0.0,-0.7451287724733329,0.7451287724733329,3.0,0.0754171298880071,24335,10413,219635,211715,False
2026-01,0.8,percentile_with_ties,693725,110769,0.1596727810011171,30777,0.0443648419762874,29194,0.0420829579444304,522985,0.753879419078165,estimable,1.0,0.0,823003482.5,0.0,-0.8319422562046146,0.8319422562046146,10.0,0.1139848161917398,9954,4047,141546,139963,False
2026-01,0.85,percentile_with_ties,693725,80249,0.115678402825327,24582,0.0354347904428988,24041,0.0346549425204511,564853,0.8142318642113229,estimable,2.0,0.0,566174971.5,0.0,-0.916068008544146,0.916068008544146,14.0,0.145876642053738,4870,1378,104831,104290,False
2026-01,0.9,percentile_with_ties,693725,48585,0.0700349562146383,21558,0.03107571444016,20810,0.0299974773865724,602772,0.8688918519586292,estimable,2.0,0.0,432930229.0,0.0,-0.9300446625464048,0.9300446625464048,30.0,0.1954875292731835,1280,248,70143,69395,False
2026-01,0.95,percentile_with_ties,693725,18478,0.0266359148077408,16386,0.0236203106418249,16209,0.0233651663122995,642652,0.9263786082381348,estimable,3.0,0.0,262957216.5,0.0,-0.980094497049356,0.980094497049356,111.0,0.3095821748077746,181,0,34864,34687,False
2026-02,0.5,percentile_with_ties,721364,367056,0.5088360383939315,0,0.0,16908,0.0234389295834003,337400,0.4677250320226682,not_estimable_empty_group,0.0,,,,,,1.0,0.0334187121072071,100690,92795,367056,383964,False
2026-02,0.7,percentile_with_ties,721364,207757,0.288005777942897,19895,0.027579696242119,23751,0.032925125179521,469961,0.6514894006354628,estimable,1.0,0.0,421085251.0,0.0,-0.7822728137085408,0.7822728137085408,3.0,0.0775958465366766,25956,15498,227652,231508,False
2026-02,0.8,percentile_with_ties,721364,118025,0.1636136541330035,28092,0.0389428915221718,27319,0.0378713104618472,547928,0.7595721438829772,estimable,1.0,0.0,737294814.5,0.0,-0.9214262394616796,0.9214262394616796,8.0,0.1419602666240553,6798,1506,146117,145344,False
2026-02,0.85,percentile_with_ties,721364,81719,0.1132840008650279,27290,0.0378311088438014,26910,0.0373043290211321,585445,0.8115805612700384,estimable,2.0,0.0,714074709.0,0.0,-0.9447170140442084,0.9447170140442084,17.0,0.1876363718459878,2333,480,109009,108629,False
2026-02,0.9,percentile_with_ties,721364,48154,0.0667540936337272,24394,0.033816492089985,24193,0.0335378532890468,624623,0.8658915609872408,estimable,2.0,0.0,574554514.0,0.0,-0.9471010536423023,0.9471010536423023,45.0,0.2434687593373653,793,227,72548,72347,False
2026-02,0.95,percentile_with_ties,721364,17560,0.0243427728580855,18645,0.0258468678780754,18509,0.0256583361520674,666650,0.9241520231117716,estimable,3.0,0.0,342188344.0,0.0,-0.9831239731880272,0.9831239731880272,144.0,0.3824284000554875,151,0,36205,36069,False
