origin_role,future_role,count,row_total,rate,month,version
Popular Root,Popular Root,8409,9601,0.8758462660139569,2024-08,corrected
Popular Root,Popular Leaf,127,9601,0.013227788772002917,2024-08,corrected
Popular Root,Hidden Root,761,9601,0.07926257681491511,2024-08,corrected
Popular Root,Long Tail,304,9601,0.03166336839912509,2024-08,corrected
Popular Leaf,Popular Root,865,4092,0.2113880742913001,2024-08,corrected
Popular Leaf,Popular Leaf,1585,4092,0.3873411534701857,2024-08,corrected
Popular Leaf,Hidden Root,28,4092,0.006842619745845552,2024-08,corrected
Popular Leaf,Long Tail,1614,4092,0.3944281524926686,2024-08,corrected
Hidden Root,Popular Root,405,4071,0.09948415622697127,2024-08,corrected
Hidden Root,Popular Leaf,0,4071,0.0,2024-08,corrected
Hidden Root,Hidden Root,3141,4071,0.7715549005158437,2024-08,corrected
Hidden Root,Long Tail,525,4071,0.12896094325718496,2024-08,corrected
Long Tail,Popular Root,809,118941,0.006801691594992475,2024-08,corrected
Long Tail,Popular Leaf,1169,118941,0.009828402317115209,2024-08,corrected
Long Tail,Hidden Root,1046,118941,0.008794276153723274,2024-08,corrected
Long Tail,Long Tail,115917,118941,0.974575629934169,2024-08,corrected
Popular Root,Popular Root,10892,11845,0.9195441114394259,2024-09,corrected
Popular Root,Popular Leaf,118,11845,0.009962009286618827,2024-09,corrected
Popular Root,Hidden Root,382,11845,0.032249894470240605,2024-09,corrected
Popular Root,Long Tail,453,11845,0.038243984803714645,2024-09,corrected
Popular Leaf,Popular Root,1694,5622,0.30131625755958735,2024-09,corrected
Popular Leaf,Popular Leaf,879,5622,0.15635005336179295,2024-09,corrected
Popular Leaf,Hidden Root,19,5622,0.0033795802205620774,2024-09,corrected
Popular Leaf,Long Tail,3030,5622,0.5389541088580576,2024-09,corrected
Hidden Root,Popular Root,476,5609,0.0848636120520592,2024-09,corrected
Hidden Root,Popular Leaf,0,5609,0.0,2024-09,corrected
Hidden Root,Hidden Root,4391,5609,0.7828489926903192,2024-09,corrected
Hidden Root,Long Tail,742,5609,0.13228739525762168,2024-09,corrected
Long Tail,Popular Root,2356,151408,0.015560604459473739,2024-09,corrected
Long Tail,Popular Leaf,1581,151408,0.010441984571488956,2024-09,corrected
Long Tail,Hidden Root,1687,151408,0.011142079678748812,2024-09,corrected
Long Tail,Long Tail,145784,151408,0.9628553312902884,2024-09,corrected
Popular Root,Popular Root,14694,18204,0.8071852340145023,2024-10,corrected
Popular Root,Popular Leaf,1623,18204,0.08915622940013183,2024-10,corrected
Popular Root,Hidden Root,253,18204,0.013898044385849264,2024-10,corrected
Popular Root,Long Tail,1634,18204,0.0897604921995166,2024-10,corrected
Popular Leaf,Popular Root,581,7259,0.08003857280617165,2024-10,corrected
Popular Leaf,Popular Leaf,1299,7259,0.17895026863204297,2024-10,corrected
Popular Leaf,Hidden Root,6,7259,0.0008265601322496211,2024-10,corrected
Popular Leaf,Long Tail,5373,7259,0.7401845984295358,2024-10,corrected
Hidden Root,Popular Root,1286,7231,0.17784538791315171,2024-10,corrected
Hidden Root,Popular Leaf,2,7231,0.00027658691743880515,2024-10,corrected
Hidden Root,Hidden Root,4732,7231,0.6544046466602129,2024-10,corrected
Hidden Root,Long Tail,1211,7231,0.16747337850919652,2024-10,corrected
Long Tail,Popular Root,1499,221322,0.00677293716846947,2024-10,corrected
Long Tail,Popular Leaf,2207,221322,0.009971896151308952,2024-10,corrected
Long Tail,Hidden Root,1311,221322,0.005923496082630737,2024-10,corrected
Long Tail,Long Tail,216305,221322,0.9773316705975909,2024-10,corrected
Popular Root,Popular Root,15624,20790,0.7515151515151515,2024-11,corrected
Popular Root,Popular Leaf,2061,20790,0.09913419913419913,2024-11,corrected
Popular Root,Hidden Root,697,20790,0.03352573352573353,2024-11,corrected
Popular Root,Long Tail,2408,20790,0.11582491582491583,2024-11,corrected
Popular Leaf,Popular Root,458,7065,0.06482661004953999,2024-11,corrected
Popular Leaf,Popular Leaf,1789,7065,0.25322009907997167,2024-11,corrected
Popular Leaf,Hidden Root,91,7065,0.012880396319886765,2024-11,corrected
Popular Leaf,Long Tail,4727,7065,0.6690728945506016,2024-11,corrected
Hidden Root,Popular Root,452,7057,0.06404987955221765,2024-11,corrected
Hidden Root,Popular Leaf,0,7057,0.0,2024-11,corrected
Hidden Root,Hidden Root,5408,7057,0.766331302253082,2024-11,corrected
Hidden Root,Long Tail,1197,7057,0.1696188181947003,2024-11,corrected
Long Tail,Popular Root,707,243353,0.002905244644610915,2024-11,corrected
Long Tail,Popular Leaf,1124,243353,0.004618804781531356,2024-11,corrected
Long Tail,Hidden Root,2110,243353,0.008670532107678968,2024-11,corrected
Long Tail,Long Tail,239412,243353,0.9838054184661787,2024-11,corrected
Popular Root,Popular Root,16126,21329,0.7560598246518824,2024-12,corrected
Popular Root,Popular Leaf,1798,21329,0.08429837310703736,2024-12,corrected
Popular Root,Hidden Root,500,21329,0.023442261709409724,2024-12,corrected
Popular Root,Long Tail,2905,21329,0.1361995405316705,2024-12,corrected
Popular Leaf,Popular Root,575,9389,0.06124187879433379,2024-12,corrected
Popular Leaf,Popular Leaf,2090,9389,0.22260091596549153,2024-12,corrected
Popular Leaf,Hidden Root,10,9389,0.0010650761529449357,2024-12,corrected
Popular Leaf,Long Tail,6714,9389,0.7150921290872297,2024-12,corrected
Hidden Root,Popular Root,1131,9304,0.12156061908856405,2024-12,corrected
Hidden Root,Popular Leaf,43,9304,0.004621668099742046,2024-12,corrected
Hidden Root,Hidden Root,6578,9304,0.7070077386070507,2024-12,corrected
Hidden Root,Long Tail,1552,9304,0.16680997420464316,2024-12,corrected
Long Tail,Popular Root,1158,266118,0.004351453114783668,2024-12,corrected
Long Tail,Popular Leaf,2350,266118,0.0088306691016767,2024-12,corrected
Long Tail,Hidden Root,2287,266118,0.008593932015121111,2024-12,corrected
Long Tail,Long Tail,260323,266118,0.9782239457684185,2024-12,corrected
Popular Root,Popular Root,15654,23906,0.6548146908725843,2025-01,corrected
Popular Root,Popular Leaf,535,23906,0.022379318999414373,2025-01,corrected
Popular Root,Hidden Root,3419,23906,0.14301848908223877,2025-01,corrected
Popular Root,Long Tail,4298,23906,0.17978750104576258,2025-01,corrected
Popular Leaf,Popular Root,1152,10725,0.10741258741258741,2025-01,corrected
Popular Leaf,Popular Leaf,1044,10725,0.09734265734265735,2025-01,corrected
Popular Leaf,Hidden Root,178,10725,0.0165967365967366,2025-01,corrected
Popular Leaf,Long Tail,8351,10725,0.7786480186480187,2025-01,corrected
Hidden Root,Popular Root,979,10441,0.09376496504166268,2025-01,corrected
Hidden Root,Popular Leaf,7,10441,0.0006704338664878843,2025-01,corrected
Hidden Root,Hidden Root,7421,10441,0.7107556747437985,2025-01,corrected
Hidden Root,Long Tail,2034,10441,0.19480892634805094,2025-01,corrected
Long Tail,Popular Root,2450,298268,0.00821408934247053,2025-01,corrected
Long Tail,Popular Leaf,12413,298268,0.04161693510534151,2025-01,corrected
Long Tail,Hidden Root,2755,298268,0.009236659648369923,2025-01,corrected
Long Tail,Long Tail,280650,298268,0.9409323159038181,2025-01,corrected
Popular Root,Popular Root,17229,24667,0.6984635342765638,2025-02,corrected
Popular Root,Popular Leaf,1770,24667,0.07175578708395833,2025-02,corrected
Popular Root,Hidden Root,1956,24667,0.07929622572667937,2025-02,corrected
Popular Root,Long Tail,3712,24667,0.15048445291279847,2025-02,corrected
Popular Leaf,Popular Root,452,15378,0.02939263883469892,2025-02,corrected
Popular Leaf,Popular Leaf,1643,15378,0.1068409416048901,2025-02,corrected
Popular Leaf,Hidden Root,72,15378,0.0046820132657042525,2025-02,corrected
Popular Leaf,Long Tail,13211,15378,0.8590844062947067,2025-02,corrected
Hidden Root,Popular Root,2147,15287,0.14044613069928696,2025-02,corrected
Hidden Root,Popular Leaf,33,15287,0.0021586969320337543,2025-02,corrected
Hidden Root,Hidden Root,10529,15287,0.6887551514358605,2025-02,corrected
Hidden Root,Long Tail,2578,15287,0.16864002093281874,2025-02,corrected
Long Tail,Popular Root,3141,343984,0.00913123866226336,2025-02,corrected
Long Tail,Popular Leaf,11049,343984,0.03212068003162938,2025-02,corrected
Long Tail,Hidden Root,2356,343984,0.006849155774687195,2025-02,corrected
Long Tail,Long Tail,327438,343984,0.9518989255314201,2025-02,corrected
Popular Root,Popular Root,20215,26711,0.7568043128299202,2025-03,corrected
Popular Root,Popular Leaf,2228,26711,0.08341132866609262,2025-03,corrected
Popular Root,Hidden Root,1741,26711,0.06517913968028154,2025-03,corrected
Popular Root,Long Tail,2527,26711,0.0946052188237056,2025-03,corrected
Popular Leaf,Popular Root,1432,16852,0.08497507714217897,2025-03,corrected
Popular Leaf,Popular Leaf,5279,16852,0.3132565867552813,2025-03,corrected
Popular Leaf,Hidden Root,68,16852,0.004035129361500119,2025-03,corrected
Popular Leaf,Long Tail,10073,16852,0.5977332067410397,2025-03,corrected
Hidden Root,Popular Root,883,16690,0.05290593169562612,2025-03,corrected
Hidden Root,Popular Leaf,4,16690,0.0002396644697423607,2025-03,corrected
Hidden Root,Hidden Root,11838,16690,0.7092869982025165,2025-03,corrected
Hidden Root,Long Tail,3965,16690,0.23756740563211504,2025-03,corrected
Long Tail,Popular Root,1826,373750,0.00488561872909699,2025-03,corrected
Long Tail,Popular Leaf,7336,373750,0.01962809364548495,2025-03,corrected
Long Tail,Hidden Root,2045,373750,0.0054715719063545155,2025-03,corrected
Long Tail,Long Tail,362543,373750,0.9700147157190635,2025-03,corrected
Popular Root,Popular Root,21152,29288,0.7222070472548484,2025-04,corrected
Popular Root,Popular Leaf,2532,29288,0.08645178912865337,2025-04,corrected
Popular Root,Hidden Root,2732,29288,0.09328052444687245,2025-04,corrected
Popular Root,Long Tail,2872,29288,0.09806063916962579,2025-04,corrected
Popular Leaf,Popular Root,2325,17692,0.1314153289622428,2025-04,corrected
Popular Leaf,Popular Leaf,6553,17692,0.3703933981460547,2025-04,corrected
Popular Leaf,Hidden Root,30,17692,0.0016956816640289396,2025-04,corrected
Popular Leaf,Long Tail,8784,17692,0.4964955912276735,2025-04,corrected
Hidden Root,Popular Root,650,17512,0.037117405207857466,2025-04,corrected
Hidden Root,Popular Leaf,5,17512,0.0002855185015989036,2025-04,corrected
Hidden Root,Hidden Root,12645,17512,0.7220762905436272,2025-04,corrected
Hidden Root,Long Tail,4212,17512,0.2405207857469164,2025-04,corrected
Long Tail,Popular Root,2865,403135,0.007106800451461669,2025-04,corrected
Long Tail,Popular Leaf,6942,403135,0.017220037952546913,2025-04,corrected
Long Tail,Hidden Root,1766,403135,0.004380666526101678,2025-04,corrected
Long Tail,Long Tail,391562,403135,0.9712924950698898,2025-04,corrected
Popular Root,Popular Root,21318,31457,0.6776870013033665,2025-05,corrected
Popular Root,Popular Leaf,3555,31457,0.11301141240423435,2025-05,corrected
Popular Root,Hidden Root,793,31457,0.02520901548145087,2025-05,corrected
Popular Root,Long Tail,5791,31457,0.1840925708109483,2025-05,corrected
Popular Leaf,Popular Root,2606,18502,0.14084963787698626,2025-05,corrected
Popular Leaf,Popular Leaf,6312,18502,0.3411523078586099,2025-05,corrected
Popular Leaf,Hidden Root,8,18502,0.0004323856880337261,2025-05,corrected
Popular Leaf,Long Tail,9576,18502,0.5175656685763701,2025-05,corrected
Hidden Root,Popular Root,2024,18518,0.10929906037369046,2025-05,corrected
Hidden Root,Popular Leaf,21,18518,0.001134031752889081,2025-05,corrected
Hidden Root,Hidden Root,13066,18518,0.7055837563451777,2025-05,corrected
Hidden Root,Long Tail,3407,18518,0.1839831515282428,2025-05,corrected
Long Tail,Popular Root,2568,431055,0.005957476424122212,2025-05,corrected
Long Tail,Popular Leaf,7431,431055,0.017239099418867664,2025-05,corrected
Long Tail,Hidden Root,4844,431055,0.01123754509285358,2025-05,corrected
Long Tail,Long Tail,416212,431055,0.9655658790641566,2025-05,corrected
Popular Root,Popular Root,22828,33337,0.6847646758856526,2025-06,corrected
Popular Root,Popular Leaf,3730,33337,0.11188769235384108,2025-06,corrected
Popular Root,Hidden Root,2849,33337,0.08546059933407325,2025-06,corrected
Popular Root,Long Tail,3930,33337,0.11788703242643309,2025-06,corrected
Popular Leaf,Popular Root,3318,20012,0.1658005196881871,2025-06,corrected
Popular Leaf,Popular Leaf,7766,20012,0.3880671597041775,2025-06,corrected
Popular Leaf,Hidden Root,58,20012,0.0028982610433739755,2025-06,corrected
Popular Leaf,Long Tail,8870,20012,0.44323405956426143,2025-06,corrected
Hidden Root,Popular Root,1302,19583,0.06648623806362662,2025-06,corrected
Hidden Root,Popular Leaf,1,19583,5.106469897359955e-05,2025-06,corrected
Hidden Root,Hidden Root,15361,19583,0.7844048409334627,2025-06,corrected
Hidden Root,Long Tail,2919,19583,0.1490578563039371,2025-06,corrected
Long Tail,Popular Root,2264,456250,0.004962191780821918,2025-06,corrected
Long Tail,Popular Leaf,9955,456250,0.02181917808219178,2025-06,corrected
Long Tail,Hidden Root,4519,456250,0.009904657534246575,2025-06,corrected
Long Tail,Long Tail,439512,456250,0.9633139726027398,2025-06,corrected
Popular Root,Popular Root,25226,31533,0.7999873148764786,2025-07,corrected
Popular Root,Popular Leaf,3416,31533,0.10833095487267307,2025-07,corrected
Popular Root,Hidden Root,1084,31533,0.034376684742967685,2025-07,corrected
Popular Root,Long Tail,1807,31533,0.05730504550788063,2025-07,corrected
Popular Leaf,Popular Root,3489,24052,0.14506070181273906,2025-07,corrected
Popular Leaf,Popular Leaf,11063,24052,0.45996174954265756,2025-07,corrected
Popular Leaf,Hidden Root,10,24052,0.00041576584067852984,2025-07,corrected
Popular Leaf,Long Tail,9490,24052,0.39456178280392484,2025-07,corrected
Hidden Root,Popular Root,1281,23730,0.05398230088495575,2025-07,corrected
Hidden Root,Popular Leaf,2,23730,8.428150021070375e-05,2025-07,corrected
Hidden Root,Hidden Root,18065,23730,0.7612726506531816,2025-07,corrected
Hidden Root,Long Tail,4382,23730,0.18466076696165193,2025-07,corrected
Long Tail,Popular Root,2649,473209,0.0055979493204905235,2025-07,corrected
Long Tail,Popular Leaf,5879,473209,0.012423685940039179,2025-07,corrected
Long Tail,Hidden Root,1708,473209,0.003609398806869692,2025-07,corrected
Long Tail,Long Tail,462973,473209,0.9783689659326006,2025-07,corrected
Popular Root,Popular Root,27090,35782,0.7570845676597172,2025-08,corrected
Popular Root,Popular Leaf,3754,35782,0.10491308479123582,2025-08,corrected
Popular Root,Hidden Root,1270,35782,0.0354927058297468,2025-08,corrected
Popular Root,Long Tail,3668,35782,0.1025096417193002,2025-08,corrected
Popular Leaf,Popular Root,2919,21922,0.13315390931484353,2025-08,corrected
Popular Leaf,Popular Leaf,10051,21922,0.4584891889426147,2025-08,corrected
Popular Leaf,Hidden Root,29,21922,0.0013228720007298605,2025-08,corrected
Popular Leaf,Long Tail,8923,21922,0.40703402974181185,2025-08,corrected
Hidden Root,Popular Root,1480,21662,0.06832240790324069,2025-08,corrected
Hidden Root,Popular Leaf,7,21662,0.000323146523866679,2025-08,corrected
Hidden Root,Hidden Root,17081,21662,0.7885236820238205,2025-08,corrected
Hidden Root,Long Tail,3094,21662,0.14283076354907212,2025-08,corrected
Long Tail,Popular Root,2071,495071,0.004183238363790244,2025-08,corrected
Long Tail,Popular Leaf,6844,495071,0.013824279749773264,2025-08,corrected
Long Tail,Hidden Root,2714,495071,0.005482041969737674,2025-08,corrected
Long Tail,Long Tail,483442,495071,0.9765104399166988,2025-08,corrected
Popular Root,Popular Root,28802,37673,0.764526318583601,2025-09,corrected
Popular Root,Popular Leaf,3206,37673,0.08510073527459984,2025-09,corrected
Popular Root,Hidden Root,2187,37673,0.058052185915642505,2025-09,corrected
Popular Root,Long Tail,3478,37673,0.09232076022615666,2025-09,corrected
Popular Leaf,Popular Root,4044,22519,0.17958168657578044,2025-09,corrected
Popular Leaf,Popular Leaf,7896,22519,0.3506372396642835,2025-09,corrected
Popular Leaf,Hidden Root,46,22519,0.0020427194813268795,2025-09,corrected
Popular Leaf,Long Tail,10533,22519,0.46773835427860916,2025-09,corrected
Hidden Root,Popular Root,722,21946,0.03289893374646861,2025-09,corrected
Hidden Root,Popular Leaf,3,21946,0.0001366991706916978,2025-09,corrected
Hidden Root,Hidden Root,15628,21946,0.7121115465232845,2025-09,corrected
Hidden Root,Long Tail,5593,21946,0.25485282055955527,2025-09,corrected
Long Tail,Popular Root,2973,513725,0.005787142926663098,2025-09,corrected
Long Tail,Popular Leaf,8662,513725,0.016861161127062145,2025-09,corrected
Long Tail,Hidden Root,2836,513725,0.005520463282884812,2025-09,corrected
Long Tail,Long Tail,499254,513725,0.97183123266339,2025-09,corrected
Popular Root,Popular Root,28635,39994,0.7159823973596039,2025-10,corrected
Popular Root,Popular Leaf,3525,39994,0.08813822073310996,2025-10,corrected
Popular Root,Hidden Root,2392,39994,0.05980897134570186,2025-10,corrected
Popular Root,Long Tail,5442,39994,0.13607041056158423,2025-10,corrected
Popular Leaf,Popular Root,4560,21534,0.2117581499024798,2025-10,corrected
Popular Leaf,Popular Leaf,7369,21534,0.3422030277700381,2025-10,corrected
Popular Leaf,Hidden Root,23,21534,0.0010680783876660166,2025-10,corrected
Popular Leaf,Long Tail,9582,21534,0.4449707439398161,2025-10,corrected
Hidden Root,Popular Root,1131,21498,0.052609545073960366,2025-10,corrected
Hidden Root,Popular Leaf,7,21498,0.0003256116848078891,2025-10,corrected
Hidden Root,Hidden Root,15182,21498,0.7062052283933389,2025-10,corrected
Hidden Root,Long Tail,5178,21498,0.24085961484789284,2025-10,corrected
Long Tail,Popular Root,4638,531599,0.008724621378144053,2025-10,corrected
Long Tail,Popular Leaf,8376,531599,0.015756237314216166,2025-10,corrected
Long Tail,Hidden Root,2776,531599,0.0052219812302129985,2025-10,corrected
Long Tail,Long Tail,515809,531599,0.9702971600774268,2025-10,corrected
Popular Root,Popular Root,28593,42382,0.6746496154027654,2025-11,corrected
Popular Root,Popular Leaf,8184,42382,0.19310084469822095,2025-11,corrected
Popular Root,Hidden Root,2264,42382,0.05341890425180501,2025-11,corrected
Popular Root,Long Tail,3341,42382,0.07883063564720873,2025-11,corrected
Popular Leaf,Popular Root,1296,21358,0.06067983893622998,2025-11,corrected
Popular Leaf,Popular Leaf,10742,21358,0.5029497143927334,2025-11,corrected
Popular Leaf,Hidden Root,28,21358,0.0013109841745481787,2025-11,corrected
Popular Leaf,Long Tail,9292,21358,0.4350594624964884,2025-11,corrected
Hidden Root,Popular Root,906,21136,0.04286525359576079,2025-11,corrected
Hidden Root,Popular Leaf,5,21136,0.00023656320968962907,2025-11,corrected
Hidden Root,Hidden Root,18606,21136,0.8802990158970477,2025-11,corrected
Hidden Root,Long Tail,1619,21136,0.0765991672975019,2025-11,corrected
Long Tail,Popular Root,2534,549217,0.004613841159323182,2025-11,corrected
Long Tail,Popular Leaf,9586,549217,0.01745393897129914,2025-11,corrected
Long Tail,Hidden Root,7877,549217,0.014342236310966339,2025-11,corrected
Long Tail,Long Tail,529220,549217,0.9635899835584113,2025-11,corrected
Popular Root,Popular Root,27681,35566,0.7782994995220154,2025-12,corrected
Popular Root,Popular Leaf,4402,35566,0.1237698925940505,2025-12,corrected
Popular Root,Hidden Root,901,35566,0.025333183377382894,2025-12,corrected
Popular Root,Long Tail,2582,35566,0.0725974245065512,2025-12,corrected
Popular Leaf,Popular Root,3622,30005,0.12071321446425595,2025-12,corrected
Popular Leaf,Popular Leaf,13251,30005,0.4416263956007332,2025-12,corrected
Popular Leaf,Hidden Root,17,30005,0.0005665722379603399,2025-12,corrected
Popular Leaf,Long Tail,13115,30005,0.43709381769705047,2025-12,corrected
Hidden Root,Popular Root,3096,29671,0.10434430925819824,2025-12,corrected
Hidden Root,Popular Leaf,19,29671,0.000640355903070338,2025-12,corrected
Hidden Root,Hidden Root,22861,29671,0.770482963162684,2025-12,corrected
Hidden Root,Long Tail,3695,29671,0.12453237167604732,2025-12,corrected
Long Tail,Popular Root,1912,557126,0.0034318987087301614,2025-12,corrected
Long Tail,Popular Leaf,8310,557126,0.014915835915035378,2025-12,corrected
Long Tail,Hidden Root,2611,557126,0.00468655205465191,2025-12,corrected
Long Tail,Long Tail,544293,557126,0.9769657133215826,2025-12,corrected
Popular Root,Popular Root,31250,39833,0.7845253935179374,2026-01,corrected
Popular Root,Popular Leaf,3156,39833,0.07923078854216353,2026-01,corrected
Popular Root,Hidden Root,1556,39833,0.03906308839404514,2026-01,corrected
Popular Root,Long Tail,3871,39833,0.09718072954585394,2026-01,corrected
Popular Leaf,Popular Root,5778,28175,0.205075421472937,2026-01,corrected
Popular Leaf,Popular Leaf,8163,28175,0.2897249334516415,2026-01,corrected
Popular Leaf,Hidden Root,14,28175,0.0004968944099378882,2026-01,corrected
Popular Leaf,Long Tail,14220,28175,0.5047027506654835,2026-01,corrected
Hidden Root,Popular Root,2130,27514,0.0774151341135422,2026-01,corrected
Hidden Root,Popular Leaf,69,27514,0.0025078142036781275,2026-01,corrected
Hidden Root,Hidden Root,16520,27514,0.600421603547285,2026-01,corrected
Hidden Root,Long Tail,8795,27514,0.3196554481354947,2026-01,corrected
Long Tail,Popular Root,5051,577574,0.008745199749296195,2026-01,corrected
Long Tail,Popular Leaf,7724,577574,0.013373178155526392,2026-01,corrected
Long Tail,Hidden Root,1779,577574,0.0030801247978613994,2026-01,corrected
Long Tail,Long Tail,563020,577574,0.974801497297316,2026-01,corrected
Popular Root,Popular Root,34184,48585,0.7035916435113718,2026-02,corrected
Popular Root,Popular Leaf,4382,48585,0.09019244622825975,2026-02,corrected
Popular Root,Hidden Root,2709,48585,0.055757949984563134,2026-02,corrected
Popular Root,Long Tail,7310,48585,0.1504579602758053,2026-02,corrected
Popular Leaf,Popular Root,2805,21558,0.1301141107709435,2026-02,corrected
Popular Leaf,Popular Leaf,5809,21558,0.2694591335003247,2026-02,corrected
Popular Leaf,Hidden Root,42,21558,0.0019482326746451434,2026-02,corrected
Popular Leaf,Long Tail,12902,21558,0.5984785230540867,2026-02,corrected
Hidden Root,Popular Root,1148,20810,0.055165785679961554,2026-02,corrected
Hidden Root,Popular Leaf,5,20810,0.0002402691013935608,2026-02,corrected
Hidden Root,Hidden Root,15755,20810,0.75708793849111,2026-02,corrected
Hidden Root,Long Tail,3902,20810,0.18750600672753484,2026-02,corrected
Long Tail,Popular Root,4840,602772,0.008029570053021707,2026-02,corrected
Long Tail,Popular Leaf,11691,602772,0.01939539328303239,2026-02,corrected
Long Tail,Hidden Root,4761,602772,0.007898508888933129,2026-02,corrected
Long Tail,Long Tail,581480,602772,0.9646765277750128,2026-02,corrected
