regime,n,positive_count,negative_count,metric,method,estimate,ci_low,ci_high,valid_bootstrap_replicates,status
confirmed-only,4057,28,4029,AUROC,S_C3_Q10,0.9785040598517888,0.9697283091769157,0.9862105022901709,10000,estimable
confirmed-only,4057,28,4029,AP,S_C3_Q10,0.27380509207953035,0.1423271850526995,0.4552112124861045,10000,estimable
confirmed-only,4057,28,4029,Top-1% lift,S_C3_Q10,35.3397212543554,17.991130820399114,53.97339246119734,10000,estimable
confirmed-only,4057,28,4029,Top-5% lift,S_C3_Q10,16.41643209007741,13.589950738916256,19.24502827951104,10000,estimable
confirmed-only,4057,28,4029,Top-10% lift,S_C3_Q10,9.992610837438423,9.992610837438423,9.992610837438423,10000,estimable
confirmed-only,4057,28,4029,AUROC,Submitted Full ModelRank,0.9896553558132114,0.9828094824379058,0.995320778554488,10000,estimable
confirmed-only,4057,28,4029,AP,Submitted Full ModelRank,0.47883237445478893,0.31978099808190635,0.696045424676325,10000,estimable
confirmed-only,4057,28,4029,Top-1% lift,Submitted Full ModelRank,67.14547038327527,48.2052900461437,81.7423117709438,10000,estimable
confirmed-only,4057,28,4029,Top-5% lift,Submitted Full ModelRank,17.843947923997185,15.544061302681992,19.985221674876847,10000,estimable
confirmed-only,4057,28,4029,Top-10% lift,Submitted Full ModelRank,9.992610837438423,9.992610837438423,9.992610837438423,10000,estimable
confirmed-only,4057,28,4029,AUROC,AllTime DerivCount,0.9064106655320356,0.8321220271336383,0.9686865823245063,10000,estimable
confirmed-only,4057,28,4029,AP,AllTime DerivCount,0.35988524432014435,0.18864364975756362,0.5665832481899457,10000,estimable
confirmed-only,4057,28,4029,Top-1% lift,AllTime DerivCount,45.94163763066202,28.72567342333016,63.61149825783972,10000,estimable
confirmed-only,4057,28,4029,Top-5% lift,AllTime DerivCount,13.56140042223786,9.992610837438423,16.98743842364532,10000,estimable
confirmed-only,4057,28,4029,Top-10% lift,AllTime DerivCount,8.565095003518648,7.137579169598874,9.689804448425138,10000,estimable
confirmed-only,4057,28,4029,AUROC,Current DerivCount,0.6746578378186717,0.5867845519957869,0.7688978135897333,10000,estimable
confirmed-only,4057,28,4029,AP,Current DerivCount,0.12674403217864255,0.041514176843744977,0.3003249806024123,10000,estimable
confirmed-only,4057,28,4029,Top-1% lift,Current DerivCount,28.27177700348432,12.36890243902439,46.38338414634146,10000,estimable
confirmed-only,4057,28,4029,Top-5% lift,Current DerivCount,7.137579169598874,3.633676668159427,10.90103000447828,10000,estimable
confirmed-only,4057,28,4029,Top-10% lift,Current DerivCount,3.925668543279381,2.119644723092999,5.785195747990667,10000,estimable
confirmed-only,4057,28,4029,AUROC,Vanilla PageRank,0.9046333723362763,0.8307821137326177,0.9670721726190475,10000,estimable
confirmed-only,4057,28,4029,AP,Vanilla PageRank,0.35767204790248264,0.18349002335562029,0.5493409298691556,10000,estimable
confirmed-only,4057,28,4029,Top-1% lift,Vanilla PageRank,38.87369337979094,23.988174427198818,58.637759710930446,10000,estimable
confirmed-only,4057,28,4029,Top-5% lift,Vanilla PageRank,13.56140042223786,9.992610837438423,16.98743842364532,10000,estimable
confirmed-only,4057,28,4029,Top-10% lift,Vanilla PageRank,8.565095003518648,7.137579169598874,9.689804448425138,10000,estimable
confirmed-only,4057,28,4029,AUROC,Temporal Vanilla PageRank,0.893216147218381,0.7966910703505601,0.9729529749261522,10000,estimable
confirmed-only,4057,28,4029,AP,Temporal Vanilla PageRank,0.36201880848056806,0.18719176632455842,0.5539886696359959,10000,estimable
confirmed-only,4057,28,4029,Top-1% lift,Temporal Vanilla PageRank,38.87369337979094,23.884777123633306,58.471175166297115,10000,estimable
confirmed-only,4057,28,4029,Top-5% lift,Temporal Vanilla PageRank,13.56140042223786,9.992610837438423,16.98743842364532,10000,estimable
confirmed-only,4057,28,4029,Top-10% lift,Temporal Vanilla PageRank,8.565095003518648,7.137579169598874,9.689804448425138,10000,estimable
confirmed-only,4057,28,4029,AUROC,Downloads,0.9870581143849945,0.9779816756263844,0.9946081857265205,10000,estimable
confirmed-only,4057,28,4029,AP,Downloads,0.6864386335401751,0.5174403381444355,0.8330369570960385,10000,estimable
confirmed-only,4057,28,4029,Top-1% lift,Downloads,67.14547038327527,49.47560975609756,83.3314114650192,10000,estimable
confirmed-only,4057,28,4029,Top-5% lift,Downloads,16.41643209007741,13.782911499915068,19.24502827951104,10000,estimable
confirmed-only,4057,28,4029,Top-10% lift,Downloads,9.992610837438423,9.992610837438423,9.992610837438423,10000,estimable
confirmed-only,4057,28,4029,AUROC,Likes,0.9503022728078573,0.888675509744283,0.9936522422171878,10000,estimable
confirmed-only,4057,28,4029,AP,Likes,0.609370629380257,0.4267006213888334,0.7757738453386258,10000,estimable
confirmed-only,4057,28,4029,Top-1% lift,Likes,63.61149825783972,49.47560975609756,82.45934959349593,10000,estimable
confirmed-only,4057,28,4029,Top-5% lift,Likes,17.130190007037296,14.275158339197748,19.34053710471953,10000,estimable
confirmed-only,4057,28,4029,Top-10% lift,Likes,8.921973961998592,7.613417780905466,9.992610837438423,10000,estimable
undecidable-negative,4088,28,4060,AUROC,S_C3_Q10,0.9764426460239268,0.9671811474810872,0.9848987973716081,10000,estimable
undecidable-negative,4088,28,4060,AP,S_C3_Q10,0.2648768096414744,0.13505115548270663,0.44658666609432224,10000,estimable
undecidable-negative,4088,28,4060,Top-1% lift,S_C3_Q10,35.609756097560975,18.12860310421286,54.38580931263858,10000,estimable
undecidable-negative,4088,28,4060,Top-5% lift,S_C3_Q10,16.38048780487805,13.294308943089431,19.07444326617179,10000,estimable
undecidable-negative,4088,28,4060,Top-10% lift,S_C3_Q10,9.995110024449877,9.37041564792176,9.995110024449877,10000,estimable
undecidable-negative,4088,28,4060,AUROC,Submitted Full ModelRank,0.9884412385643913,0.9808493398431254,0.9947147646989993,10000,estimable
undecidable-negative,4088,28,4060,AP,Submitted Full ModelRank,0.4577317103887361,0.2978172600124295,0.6723268508450168,10000,estimable
undecidable-negative,4088,28,4060,Top-1% lift,Submitted Full ModelRank,64.09756097560977,46.0187617260788,80.71544715447155,10000,estimable
undecidable-negative,4088,28,4060,Top-5% lift,Submitted Full ModelRank,17.804878048780488,15.339587242026266,19.941463414634146,10000,estimable
undecidable-negative,4088,28,4060,Top-10% lift,Submitted Full ModelRank,9.995110024449877,9.995110024449877,9.995110024449877,10000,estimable
undecidable-negative,4088,28,4060,AUROC,AllTime DerivCount,0.9049832864180155,0.8306626948883299,0.9664472373309538,10000,estimable
undecidable-negative,4088,28,4060,AP,AllTime DerivCount,0.3469347465562709,0.17734578467775122,0.5475352274033642,10000,estimable
undecidable-negative,4088,28,4060,Top-1% lift,AllTime DerivCount,46.29268292682927,26.844277673545967,61.72357723577236,10000,estimable
undecidable-negative,4088,28,4060,Top-5% lift,AllTime DerivCount,13.531707317073172,9.970731707317073,16.950243902439023,10000,estimable
undecidable-negative,4088,28,4060,Top-10% lift,AllTime DerivCount,8.567237163814182,7.139364303178484,9.68276283618582,10000,estimable
undecidable-negative,4088,28,4060,AUROC,Current DerivCount,0.6745909570724842,0.5867836937725159,0.7691503543800027,10000,estimable
undecidable-negative,4088,28,4060,AP,Current DerivCount,0.1260202562263738,0.040837310452139175,0.3000396518302952,10000,estimable
undecidable-negative,4088,28,4060,Top-1% lift,Current DerivCount,28.487804878048784,11.964878048780488,45.699186991869915,10000,estimable
undecidable-negative,4088,28,4060,Top-5% lift,Current DerivCount,7.121951219512196,3.625720620842572,10.877161862527716,10000,estimable
undecidable-negative,4088,28,4060,Top-10% lift,Current DerivCount,3.9266503667481665,2.082314588427058,5.859202428125791,10000,estimable
undecidable-negative,4088,28,4060,AUROC,Vanilla PageRank,0.9032063687543983,0.8291862209590328,0.9646325146247086,10000,estimable
undecidable-negative,4088,28,4060,AP,Vanilla PageRank,0.34828659379474425,0.1769784383914293,0.5372947552457277,10000,estimable
undecidable-negative,4088,28,4060,Top-1% lift,Vanilla PageRank,39.170731707317074,22.660753880266075,57.725288831835684,10000,estimable
undecidable-negative,4088,28,4060,Top-5% lift,Vanilla PageRank,13.531707317073172,9.970731707317073,16.920029563932005,10000,estimable
undecidable-negative,4088,28,4060,Top-10% lift,Vanilla PageRank,8.567237163814182,7.139364303178484,9.68276283618582,10000,estimable
undecidable-negative,4088,28,4060,AUROC,Temporal Vanilla PageRank,0.8919071076706545,0.7950471271817802,0.9708344904344678,10000,estimable
undecidable-negative,4088,28,4060,AP,Temporal Vanilla PageRank,0.35205919678027825,0.18047505455157647,0.541652122955367,10000,estimable
undecidable-negative,4088,28,4060,Top-1% lift,Temporal Vanilla PageRank,39.170731707317074,22.660753880266075,57.89457120377656,10000,estimable
undecidable-negative,4088,28,4060,Top-5% lift,Temporal Vanilla PageRank,13.531707317073172,9.970731707317073,16.920029563932005,10000,estimable
undecidable-negative,4088,28,4060,Top-10% lift,Temporal Vanilla PageRank,8.567237163814182,7.139364303178484,9.68276283618582,10000,estimable
undecidable-negative,4088,28,4060,AUROC,Downloads,0.9861321252638987,0.9765000646675992,0.9942163429080235,10000,estimable
undecidable-negative,4088,28,4060,AP,Downloads,0.6620258457061161,0.4874479466025832,0.8168396206319457,10000,estimable
undecidable-negative,4088,28,4060,Top-1% lift,Downloads,67.65853658536587,49.853658536585364,83.08943089430895,10000,estimable
undecidable-negative,4088,28,4060,Top-5% lift,Downloads,16.38048780487805,13.294308943089431,19.14380487804878,10000,estimable
undecidable-negative,4088,28,4060,Top-10% lift,Downloads,9.995110024449877,9.995110024449877,9.995110024449877,10000,estimable
undecidable-negative,4088,28,4060,AUROC,Likes,0.9482582688247713,0.886262647037635,0.9918193511281511,10000,estimable
undecidable-negative,4088,28,4060,AP,Likes,0.5026426125293122,0.32250801707422166,0.6807942013757857,10000,estimable
undecidable-negative,4088,28,4060,Top-1% lift,Likes,56.97560975609757,41.25820016820858,75.97446197991381,10000,estimable
undecidable-negative,4088,28,4060,Top-5% lift,Likes,17.09268292682927,14.168934531450578,19.29819040125885,10000,estimable
undecidable-negative,4088,28,4060,Top-10% lift,Likes,8.924205378973106,7.615321923390383,9.995110024449877,10000,estimable
undecidable-positive,4088,59,4029,AUROC,S_C3_Q10,0.9225025345903218,0.8759662729015047,0.9603074912972682,10000,estimable
undecidable-positive,4088,59,4029,AP,S_C3_Q10,0.24293096026905567,0.161933915519238,0.35931804800532846,10000,estimable
undecidable-positive,4088,59,4029,Top-1% lift,S_C3_Q10,18.58949979330302,9.232158988256549,29.005764966740575,10000,estimable
undecidable-positive,4088,59,4029,Top-5% lift,S_C3_Q10,13.519636213311287,11.039024390243902,15.774900497512434,10000,estimable
undecidable-positive,4088,59,4029,Top-10% lift,S_C3_Q10,8.470432224110066,7.623389001699059,9.418469061500847,10000,estimable
undecidable-positive,4088,59,4029,AUROC,Submitted Full ModelRank,0.9402930449158853,0.8956463598246508,0.9742452811875472,10000,estimable
undecidable-positive,4088,59,4029,AP,Submitted Full ModelRank,0.3978295771926499,0.28522440298219576,0.5462686411937757,10000,estimable
undecidable-positive,4088,59,4029,Top-1% lift,Submitted Full ModelRank,35.48904505994213,25.68218773096822,46.292682926829265,10000,estimable
undecidable-positive,4088,59,4029,Top-5% lift,Submitted Full ModelRank,15.54758164530798,13.294308943089431,17.52431633407243,10000,estimable
undecidable-positive,4088,59,4029,Top-10% lift,Submitted Full ModelRank,8.80924951307447,7.926993651303702,9.587146349982536,10000,estimable
undecidable-positive,4088,59,4029,AUROC,AllTime DerivCount,0.8123730075595997,0.7487171771424375,0.8739370216594975,10000,estimable
undecidable-positive,4088,59,4029,AP,AllTime DerivCount,0.28052460648451666,0.17234531090962216,0.4151493748249291,10000,estimable
undecidable-positive,4088,59,4029,Top-1% lift,AllTime DerivCount,28.72922695328648,19.296779714826013,39.506672802577086,10000,estimable
undecidable-positive,4088,59,4029,Top-5% lift,AllTime DerivCount,10.815708970649029,8.283377110694184,13.40327868852459,10000,estimable
undecidable-positive,4088,59,4029,Top-10% lift,AllTime DerivCount,6.776345779288054,5.552838902472154,7.962206290663462,10000,estimable
undecidable-positive,4088,59,4029,AUROC,Current DerivCount,0.5890493077728839,0.54189741834358,0.6422060159903564,10000,estimable
undecidable-positive,4088,59,4029,AP,Current DerivCount,0.07498518229027712,0.0308339747210742,0.16636865918872912,10000,estimable
undecidable-positive,4088,59,4029,Top-1% lift,Current DerivCount,15.209590739975198,6.364296834457706,23.65936337329475,10000,estimable
undecidable-positive,4088,59,4029,Top-5% lift,Current DerivCount,3.717899958660604,1.840750469043152,5.8449116904962155,10000,estimable
undecidable-positive,4088,59,4029,Top-10% lift,Current DerivCount,2.7105383117152213,1.6063569682151588,3.886987231730508,10000,estimable
undecidable-positive,4088,59,4029,AUROC,Vanilla PageRank,0.8107323598823781,0.7473930572853537,0.8720145087161307,10000,estimable
undecidable-positive,4088,59,4029,AP,Vanilla PageRank,0.2672599748936293,0.16218484883824513,0.39279243322357993,10000,estimable
undecidable-positive,4088,59,4029,Top-1% lift,Vanilla PageRank,25.34931789995866,15.447612504294057,34.98502353444587,10000,estimable
undecidable-positive,4088,59,4029,Top-5% lift,Vanilla PageRank,10.815708970649029,8.277588587206626,13.398170731707317,10000,estimable
undecidable-positive,4088,59,4029,Top-10% lift,Vanilla PageRank,6.776345779288054,5.552838902472154,7.962206290663462,10000,estimable
undecidable-positive,4088,59,4029,AUROC,Temporal Vanilla PageRank,0.7820862307591991,0.6997275581214001,0.8586623168259249,10000,estimable
undecidable-positive,4088,59,4029,AP,Temporal Vanilla PageRank,0.27462871303185427,0.16792707509264487,0.40079151683260367,10000,estimable
undecidable-positive,4088,59,4029,Top-1% lift,Temporal Vanilla PageRank,25.34931789995866,15.471825063078217,35.19081779053084,10000,estimable
undecidable-positive,4088,59,4029,Top-5% lift,Temporal Vanilla PageRank,10.815708970649029,8.277588587206626,13.40327868852459,10000,estimable
undecidable-positive,4088,59,4029,Top-10% lift,Temporal Vanilla PageRank,6.776345779288054,5.552838902472154,7.955291652113168,10000,estimable
undecidable-positive,4088,59,4029,AUROC,Downloads,0.9189267640117622,0.8720270460846602,0.9571788539624365,10000,estimable
undecidable-positive,4088,59,4029,AP,Downloads,0.4662136785248763,0.3415451336967666,0.5918203880906927,10000,estimable
undecidable-positive,4088,59,4029,Top-1% lift,Downloads,38.86895411326995,27.988018827556697,49.853658536585364,10000,estimable
undecidable-positive,4088,59,4029,Top-5% lift,Downloads,11.829681686647376,9.258536585365853,14.19561802397685,10000,estimable
undecidable-positive,4088,59,4029,Top-10% lift,Downloads,7.792797646181262,6.663406682966585,8.764942636825278,10000,estimable
undecidable-positive,4088,59,4029,AUROC,Likes,0.9024403582501441,0.8490044721413585,0.9510538209692555,10000,estimable
undecidable-positive,4088,59,4029,AP,Likes,0.5503723101293646,0.4222036685823011,0.6727323056047751,10000,estimable
undecidable-positive,4088,59,4029,Top-1% lift,Likes,43.93881769326168,35.28105065666041,56.35630965005302,10000,estimable
undecidable-positive,4088,59,4029,Top-5% lift,Likes,15.209590739975198,12.903299856527976,17.222172949002218,10000,estimable
undecidable-positive,4088,59,4029,Top-10% lift,Likes,8.131614935145663,7.079869600651997,9.102689486552567,10000,estimable
undecidable-excluded,4057,28,4029,AUROC,S_C3_Q10,0.9785040598517888,0.9697283091769157,0.9862105022901709,10000,estimable
undecidable-excluded,4057,28,4029,AP,S_C3_Q10,0.27380509207953035,0.1423271850526995,0.4552112124861045,10000,estimable
undecidable-excluded,4057,28,4029,Top-1% lift,S_C3_Q10,35.3397212543554,17.991130820399114,53.97339246119734,10000,estimable
undecidable-excluded,4057,28,4029,Top-5% lift,S_C3_Q10,16.41643209007741,13.589950738916256,19.24502827951104,10000,estimable
undecidable-excluded,4057,28,4029,Top-10% lift,S_C3_Q10,9.992610837438423,9.992610837438423,9.992610837438423,10000,estimable
undecidable-excluded,4057,28,4029,AUROC,Submitted Full ModelRank,0.9896553558132114,0.9828094824379058,0.995320778554488,10000,estimable
undecidable-excluded,4057,28,4029,AP,Submitted Full ModelRank,0.47883237445478893,0.31978099808190635,0.696045424676325,10000,estimable
undecidable-excluded,4057,28,4029,Top-1% lift,Submitted Full ModelRank,67.14547038327527,48.2052900461437,81.7423117709438,10000,estimable
undecidable-excluded,4057,28,4029,Top-5% lift,Submitted Full ModelRank,17.843947923997185,15.544061302681992,19.985221674876847,10000,estimable
undecidable-excluded,4057,28,4029,Top-10% lift,Submitted Full ModelRank,9.992610837438423,9.992610837438423,9.992610837438423,10000,estimable
undecidable-excluded,4057,28,4029,AUROC,AllTime DerivCount,0.9064106655320356,0.8321220271336383,0.9686865823245063,10000,estimable
undecidable-excluded,4057,28,4029,AP,AllTime DerivCount,0.35988524432014435,0.18864364975756362,0.5665832481899457,10000,estimable
undecidable-excluded,4057,28,4029,Top-1% lift,AllTime DerivCount,45.94163763066202,28.72567342333016,63.61149825783972,10000,estimable
undecidable-excluded,4057,28,4029,Top-5% lift,AllTime DerivCount,13.56140042223786,9.992610837438423,16.98743842364532,10000,estimable
undecidable-excluded,4057,28,4029,Top-10% lift,AllTime DerivCount,8.565095003518648,7.137579169598874,9.689804448425138,10000,estimable
undecidable-excluded,4057,28,4029,AUROC,Current DerivCount,0.6746578378186717,0.5867845519957869,0.7688978135897333,10000,estimable
undecidable-excluded,4057,28,4029,AP,Current DerivCount,0.12674403217864255,0.041514176843744977,0.3003249806024123,10000,estimable
undecidable-excluded,4057,28,4029,Top-1% lift,Current DerivCount,28.27177700348432,12.36890243902439,46.38338414634146,10000,estimable
undecidable-excluded,4057,28,4029,Top-5% lift,Current DerivCount,7.137579169598874,3.633676668159427,10.90103000447828,10000,estimable
undecidable-excluded,4057,28,4029,Top-10% lift,Current DerivCount,3.925668543279381,2.119644723092999,5.785195747990667,10000,estimable
undecidable-excluded,4057,28,4029,AUROC,Vanilla PageRank,0.9046333723362763,0.8307821137326177,0.9670721726190475,10000,estimable
undecidable-excluded,4057,28,4029,AP,Vanilla PageRank,0.35767204790248264,0.18349002335562029,0.5493409298691556,10000,estimable
undecidable-excluded,4057,28,4029,Top-1% lift,Vanilla PageRank,38.87369337979094,23.988174427198818,58.637759710930446,10000,estimable
undecidable-excluded,4057,28,4029,Top-5% lift,Vanilla PageRank,13.56140042223786,9.992610837438423,16.98743842364532,10000,estimable
undecidable-excluded,4057,28,4029,Top-10% lift,Vanilla PageRank,8.565095003518648,7.137579169598874,9.689804448425138,10000,estimable
undecidable-excluded,4057,28,4029,AUROC,Temporal Vanilla PageRank,0.893216147218381,0.7966910703505601,0.9729529749261522,10000,estimable
undecidable-excluded,4057,28,4029,AP,Temporal Vanilla PageRank,0.36201880848056806,0.18719176632455842,0.5539886696359959,10000,estimable
undecidable-excluded,4057,28,4029,Top-1% lift,Temporal Vanilla PageRank,38.87369337979094,23.884777123633306,58.471175166297115,10000,estimable
undecidable-excluded,4057,28,4029,Top-5% lift,Temporal Vanilla PageRank,13.56140042223786,9.992610837438423,16.98743842364532,10000,estimable
undecidable-excluded,4057,28,4029,Top-10% lift,Temporal Vanilla PageRank,8.565095003518648,7.137579169598874,9.689804448425138,10000,estimable
undecidable-excluded,4057,28,4029,AUROC,Downloads,0.9870581143849945,0.9779816756263844,0.9946081857265205,10000,estimable
undecidable-excluded,4057,28,4029,AP,Downloads,0.6864386335401751,0.5174403381444355,0.8330369570960385,10000,estimable
undecidable-excluded,4057,28,4029,Top-1% lift,Downloads,67.14547038327527,49.47560975609756,83.3314114650192,10000,estimable
undecidable-excluded,4057,28,4029,Top-5% lift,Downloads,16.41643209007741,13.782911499915068,19.24502827951104,10000,estimable
undecidable-excluded,4057,28,4029,Top-10% lift,Downloads,9.992610837438423,9.992610837438423,9.992610837438423,10000,estimable
undecidable-excluded,4057,28,4029,AUROC,Likes,0.9503022728078573,0.888675509744283,0.9936522422171878,10000,estimable
undecidable-excluded,4057,28,4029,AP,Likes,0.609370629380257,0.4267006213888334,0.7757738453386258,10000,estimable
undecidable-excluded,4057,28,4029,Top-1% lift,Likes,63.61149825783972,49.47560975609756,82.45934959349593,10000,estimable
undecidable-excluded,4057,28,4029,Top-5% lift,Likes,17.130190007037296,14.275158339197748,19.34053710471953,10000,estimable
undecidable-excluded,4057,28,4029,Top-10% lift,Likes,8.921973961998592,7.613417780905466,9.992610837438423,10000,estimable
