regime,n,positive_count,negative_count,metric,reference,method,estimate,ci_low,ci_high,raw_p_value,holm_p_value,valid_bootstrap_replicates,status
confirmed-only,4057,28,4029,AUROC,S_C3_Q10,Submitted Full ModelRank,-0.011151295961422614,-0.01676241980199364,-0.0056924765696337466,0.00039996000399960006,0.0023997600239976003,10000,estimable
confirmed-only,4057,28,4029,AP,S_C3_Q10,Submitted Full ModelRank,-0.20502728237525858,-0.33131685550335166,-0.10804959967405404,0.00019998000199980003,0.0013998600139986002,10000,estimable
confirmed-only,4057,28,4029,Top-1% lift,S_C3_Q10,Submitted Full ModelRank,-31.805749128919864,-47.97634885439764,-13.019897304236203,0.00039996000399960006,0.0027997200279972004,10000,estimable
confirmed-only,4057,28,4029,Top-5% lift,S_C3_Q10,Submitted Full ModelRank,-1.4275158339197738,-4.163587848932677,1.289369140314637,0.44615538446155384,1.0,10000,estimable
confirmed-only,4057,28,4029,Top-10% lift,S_C3_Q10,Submitted Full ModelRank,0.0,0.0,0.0,1.0,1.0,10000,estimable
confirmed-only,4057,28,4029,AUROC,S_C3_Q10,AllTime DerivCount,0.07209339431975315,0.01445405080326779,0.14170201484894596,0.015198480151984802,0.04559544045595441,10000,estimable
confirmed-only,4057,28,4029,AP,S_C3_Q10,AllTime DerivCount,-0.086080152240614,-0.20543993372464564,0.017647705214618083,0.11758824117588242,0.26277372262773724,10000,estimable
confirmed-only,4057,28,4029,Top-1% lift,S_C3_Q10,AllTime DerivCount,-10.601916376306619,-23.8847771236333,0.0,0.15978402159784022,0.6391360863913609,10000,estimable
confirmed-only,4057,28,4029,Top-5% lift,S_C3_Q10,AllTime DerivCount,2.855031667839551,0.0,6.869919950738916,0.10778922107789221,0.6431356864313569,10000,estimable
confirmed-only,4057,28,4029,Top-10% lift,S_C3_Q10,AllTime DerivCount,1.4275158339197755,0.30280638901328594,2.8550316678395493,0.04179582041795821,0.2495750424957504,10000,estimable
confirmed-only,4057,28,4029,AUROC,S_C3_Q10,Current DerivCount,0.30384622203311706,0.2155662342200813,0.38611324930264973,0.00019998000199980003,0.0013998600139986002,10000,estimable
confirmed-only,4057,28,4029,AP,S_C3_Q10,Current DerivCount,0.1470610599008878,0.08022173348150076,0.19708372986397563,0.00039996000399960006,0.001999800019998,10000,estimable
confirmed-only,4057,28,4029,Top-1% lift,S_C3_Q10,Current DerivCount,7.067944250871083,0.0,23.08861788617886,0.7603239676032397,1.0,10000,estimable
confirmed-only,4057,28,4029,Top-5% lift,S_C3_Q10,Current DerivCount,9.278852920478537,5.710063335679099,13.538375973303669,0.00019998000199980003,0.0013998600139986002,10000,estimable
confirmed-only,4057,28,4029,Top-10% lift,S_C3_Q10,Current DerivCount,6.066942294159043,4.207415089447757,7.872966114345425,0.00019998000199980003,0.0013998600139986002,10000,estimable
confirmed-only,4057,28,4029,AUROC,S_C3_Q10,Vanilla PageRank,0.07387068751551251,0.016538443041838838,0.1432370644595879,0.007999200079992,0.03999600039996,10000,estimable
confirmed-only,4057,28,4029,AP,S_C3_Q10,Vanilla PageRank,-0.08386695582295228,-0.18169398050843893,0.014787245963673736,0.10478952104789521,0.26277372262773724,10000,estimable
confirmed-only,4057,28,4029,Top-1% lift,S_C3_Q10,Vanilla PageRank,-3.5339721254355396,-18.324299909665765,6.184451219512198,0.5491450854914508,1.0,10000,estimable
confirmed-only,4057,28,4029,Top-5% lift,S_C3_Q10,Vanilla PageRank,2.855031667839551,0.0,6.869919950738916,0.10718928107189281,0.6431356864313569,10000,estimable
confirmed-only,4057,28,4029,Top-10% lift,S_C3_Q10,Vanilla PageRank,1.4275158339197755,0.30280638901328594,2.8550316678395493,0.04179582041795821,0.2495750424957504,10000,estimable
confirmed-only,4057,28,4029,AUROC,S_C3_Q10,Temporal Vanilla PageRank,0.08528791263340774,0.010254099649572083,0.17863396197672823,0.0081991800819918,0.03999600039996,10000,estimable
confirmed-only,4057,28,4029,AP,S_C3_Q10,Temporal Vanilla PageRank,-0.0882137164010377,-0.1869709799851513,0.011353113863835626,0.08759124087591241,0.26277372262773724,10000,estimable
confirmed-only,4057,28,4029,Top-1% lift,S_C3_Q10,Temporal Vanilla PageRank,-3.5339721254355396,-18.847851335656213,6.8242220353238,0.591940805919408,1.0,10000,estimable
confirmed-only,4057,28,4029,Top-5% lift,S_C3_Q10,Temporal Vanilla PageRank,2.855031667839551,0.0,6.837425182414158,0.10738926107389261,0.6431356864313569,10000,estimable
confirmed-only,4057,28,4029,Top-10% lift,S_C3_Q10,Temporal Vanilla PageRank,1.4275158339197755,0.30280638901328594,2.8550316678395493,0.0415958404159584,0.2495750424957504,10000,estimable
confirmed-only,4057,28,4029,AUROC,S_C3_Q10,Downloads,-0.00855405453320568,-0.01623672004691551,-0.000547284028313795,0.038196180381961806,0.07639236076392361,10000,estimable
confirmed-only,4057,28,4029,AP,S_C3_Q10,Downloads,-0.41263354146064474,-0.5597690317630909,-0.23360436807365825,0.00039996000399960006,0.001999800019998,10000,estimable
confirmed-only,4057,28,4029,Top-1% lift,S_C3_Q10,Downloads,-31.805749128919864,-49.47560975609757,-15.22326454033771,0.00039996000399960006,0.0027997200279972004,10000,estimable
confirmed-only,4057,28,4029,Top-5% lift,S_C3_Q10,Downloads,0.0,-3.4457278749787683,3.3308702791461418,1.0,1.0,10000,estimable
confirmed-only,4057,28,4029,Top-10% lift,S_C3_Q10,Downloads,0.0,0.0,0.0,1.0,1.0,10000,estimable
confirmed-only,4057,28,4029,AUROC,S_C3_Q10,Likes,0.028201787043931503,-0.011767457317555343,0.08679893722297223,0.2753724627537246,0.2753724627537246,10000,estimable
confirmed-only,4057,28,4029,AP,S_C3_Q10,Likes,-0.33556553730072664,-0.48646634880546524,-0.15811063047972723,0.00019998000199980003,0.0013998600139986002,10000,estimable
confirmed-only,4057,28,4029,Top-1% lift,S_C3_Q10,Likes,-28.271777003484317,-49.47560975609757,-13.6484440706476,0.00039996000399960006,0.0027997200279972004,10000,estimable
confirmed-only,4057,28,4029,Top-5% lift,S_C3_Q10,Likes,-0.7137579169598851,-2.2840253342716412,1.7378453630327684,0.9257074292570743,1.0,10000,estimable
confirmed-only,4057,28,4029,Top-10% lift,S_C3_Q10,Likes,1.0706368754398312,0.0,2.3791930565329578,0.10698930106989302,0.32096790320967905,10000,estimable
undecidable-negative,4088,28,4060,AUROC,S_C3_Q10,Submitted Full ModelRank,-0.011998592540464426,-0.017857869126143608,-0.006037340562793795,0.00019998000199980003,0.0013998600139986002,10000,estimable
undecidable-negative,4088,28,4060,AP,S_C3_Q10,Submitted Full ModelRank,-0.1928549007472617,-0.31681636361498133,-0.09920537993119989,0.00039996000399960006,0.001999800019998,10000,estimable
undecidable-negative,4088,28,4060,Top-1% lift,S_C3_Q10,Submitted Full ModelRank,-28.48780487804879,-46.5352743902439,-10.779169413315756,0.00039996000399960006,0.0027997200279972004,10000,estimable
undecidable-negative,4088,28,4060,Top-5% lift,S_C3_Q10,Submitted Full ModelRank,-1.4243902439024367,-4.431436314363145,1.208573540280856,0.4353564643535646,1.0,10000,estimable
undecidable-negative,4088,28,4060,Top-10% lift,S_C3_Q10,Submitted Full ModelRank,0.0,-0.624694376528117,0.0,1.0,1.0,10000,estimable
undecidable-negative,4088,28,4060,AUROC,S_C3_Q10,AllTime DerivCount,0.07145935960591132,0.014476709231121284,0.14191034911531702,0.013398660133986601,0.040195980401959805,10000,estimable
undecidable-negative,4088,28,4060,AP,S_C3_Q10,AllTime DerivCount,-0.08205793691479646,-0.19555114411765356,0.019282864347138374,0.12858714128587143,0.2531746825317468,10000,estimable
undecidable-negative,4088,28,4060,Top-1% lift,S_C3_Q10,AllTime DerivCount,-10.682926829268297,-22.15718157181572,3.692863595302626,0.31016898310168983,1.0,10000,estimable
undecidable-negative,4088,28,4060,Top-5% lift,S_C3_Q10,AllTime DerivCount,2.848780487804879,-0.6231707317073152,6.345011086474502,0.14078592140785923,0.8195180481951805,10000,estimable
undecidable-negative,4088,28,4060,Top-10% lift,S_C3_Q10,AllTime DerivCount,1.427872860635695,0.285574572127139,2.8111246943765273,0.04559544045595441,0.27357264273572646,10000,estimable
undecidable-negative,4088,28,4060,AUROC,S_C3_Q10,Current DerivCount,0.30185168895144265,0.21392326843187617,0.3840724993609432,0.00019998000199980003,0.0013998600139986002,10000,estimable
undecidable-negative,4088,28,4060,AP,S_C3_Q10,Current DerivCount,0.13885655341510061,0.07429167442917968,0.1868196938596718,0.00019998000199980003,0.0013998600139986002,10000,estimable
undecidable-negative,4088,28,4060,Top-1% lift,S_C3_Q10,Current DerivCount,7.121951219512191,0.0,24.067283431455003,0.6715328467153284,1.0,10000,estimable
undecidable-negative,4088,28,4060,Top-5% lift,S_C3_Q10,Current DerivCount,9.258536585365855,5.501093355761142,13.038649155722325,0.00019998000199980003,0.0013998600139986002,10000,estimable
undecidable-negative,4088,28,4060,Top-10% lift,S_C3_Q10,Current DerivCount,6.068459657701711,4.100557958748668,7.853300733496332,0.00019998000199980003,0.0013998600139986002,10000,estimable
undecidable-negative,4088,28,4060,AUROC,S_C3_Q10,Vanilla PageRank,0.07323627726952853,0.016646778863907537,0.14337186598936796,0.007999200079992,0.03999600039996,10000,estimable
undecidable-negative,4088,28,4060,AP,S_C3_Q10,Vanilla PageRank,-0.08340978415326983,-0.17942953636203726,0.012556081384040647,0.10058994100589941,0.2531746825317468,10000,estimable
undecidable-negative,4088,28,4060,Top-1% lift,S_C3_Q10,Vanilla PageRank,-3.560975609756099,-16.617886178861788,7.385727190605241,0.708929107089291,1.0,10000,estimable
undecidable-negative,4088,28,4060,Top-5% lift,S_C3_Q10,Vanilla PageRank,2.848780487804879,-0.5865136298421803,6.345011086474502,0.13658634136586342,0.8195180481951805,10000,estimable
undecidable-negative,4088,28,4060,Top-10% lift,S_C3_Q10,Vanilla PageRank,1.427872860635695,0.285574572127139,2.8111246943765273,0.04559544045595441,0.27357264273572646,10000,estimable
undecidable-negative,4088,28,4060,AUROC,S_C3_Q10,Temporal Vanilla PageRank,0.08453553835327232,0.010414938454027465,0.1765798025489503,0.007999200079992,0.03999600039996,10000,estimable
undecidable-negative,4088,28,4060,AP,S_C3_Q10,Temporal Vanilla PageRank,-0.08718238713880383,-0.18401160647567266,0.00931471180209841,0.08439156084391561,0.2531746825317468,10000,estimable
undecidable-negative,4088,28,4060,Top-1% lift,S_C3_Q10,Temporal Vanilla PageRank,-3.560975609756099,-16.61788617886179,7.6697936210131274,0.7191280871912809,1.0,10000,estimable
undecidable-negative,4088,28,4060,Top-5% lift,S_C3_Q10,Temporal Vanilla PageRank,2.848780487804879,-0.5697560975609761,6.345011086474502,0.1377862213778622,0.8195180481951805,10000,estimable
undecidable-negative,4088,28,4060,Top-10% lift,S_C3_Q10,Temporal Vanilla PageRank,1.427872860635695,0.285574572127139,2.8111246943765273,0.04559544045595441,0.27357264273572646,10000,estimable
undecidable-negative,4088,28,4060,AUROC,S_C3_Q10,Downloads,-0.009689479239971877,-0.017890630067053673,-0.0011834644790927596,0.026797320267973202,0.053594640535946404,10000,estimable
undecidable-negative,4088,28,4060,AP,S_C3_Q10,Downloads,-0.3971490360646417,-0.5511984382335844,-0.21248723955890192,0.00019998000199980003,0.0013998600139986002,10000,estimable
undecidable-negative,4088,28,4060,Top-1% lift,S_C3_Q10,Downloads,-32.04878048780489,-49.853658536585364,-13.294308943089433,0.0007999200079992001,0.0047995200479952005,10000,estimable
undecidable-negative,4088,28,4060,Top-5% lift,S_C3_Q10,Downloads,0.0,-3.560975609756097,3.438183347350714,1.0,1.0,10000,estimable
undecidable-negative,4088,28,4060,Top-10% lift,S_C3_Q10,Downloads,0.0,-0.624694376528117,0.0,1.0,1.0,10000,estimable
undecidable-negative,4088,28,4060,AUROC,S_C3_Q10,Likes,0.028184377199155564,-0.0119327710245584,0.0871125589700387,0.2763723627637236,0.2763723627637236,10000,estimable
undecidable-negative,4088,28,4060,AP,S_C3_Q10,Likes,-0.23776580288783777,-0.3990050909961857,-0.05218821437318677,0.015798420157984203,0.06319368063193681,10000,estimable
undecidable-negative,4088,28,4060,Top-1% lift,S_C3_Q10,Likes,-21.365853658536594,-41.982028241335044,-4.154471544715449,0.022397760223977603,0.11198880111988802,10000,estimable
undecidable-negative,4088,28,4060,Top-5% lift,S_C3_Q10,Likes,-0.7121951219512184,-2.6010604453870627,0.6647154471544745,0.7677232276772322,1.0,10000,estimable
undecidable-negative,4088,28,4060,Top-10% lift,S_C3_Q10,Likes,1.0709046454767712,0.0,2.3517905939882056,0.142985701429857,0.428957104289571,10000,estimable
undecidable-positive,4088,59,4029,AUROC,S_C3_Q10,Submitted Full ModelRank,-0.017790510325563447,-0.03153290423309306,-0.004950704703565371,0.006999300069993001,0.020997900209979003,10000,estimable
undecidable-positive,4088,59,4029,AP,S_C3_Q10,Submitted Full ModelRank,-0.15489861692359422,-0.23727625557771492,-0.09120693292846904,0.00019998000199980003,0.0013998600139986002,10000,estimable
undecidable-positive,4088,59,4029,Top-1% lift,S_C3_Q10,Submitted Full ModelRank,-16.89954526663911,-27.192904656319293,-7.820181731229077,0.00019998000199980003,0.0013998600139986002,10000,estimable
undecidable-positive,4088,59,4029,Top-5% lift,S_C3_Q10,Submitted Full ModelRank,-2.0279454319966934,-4.301099952175992,0.0,0.062993700629937,0.18898110188981102,10000,estimable
undecidable-positive,4088,59,4029,Top-10% lift,S_C3_Q10,Submitted Full ModelRank,-0.3388172889644032,-0.8159273489346832,0.0,0.6981301869813019,0.8195180481951805,10000,estimable
undecidable-positive,4088,59,4029,AUROC,S_C3_Q10,AllTime DerivCount,0.1101295270307221,0.05635556433827466,0.16680948275759946,0.00019998000199980003,0.0013998600139986002,10000,estimable
undecidable-positive,4088,59,4029,AP,S_C3_Q10,AllTime DerivCount,-0.03759364621546099,-0.11457059946228276,0.03192876358508716,0.33556644335566443,1.0,10000,estimable
undecidable-positive,4088,59,4029,Top-1% lift,S_C3_Q10,AllTime DerivCount,-10.139727159983462,-20.394678492239468,-1.4876217906165066,0.044195580441955803,0.17678232176782321,10000,estimable
undecidable-positive,4088,59,4029,Top-5% lift,S_C3_Q10,AllTime DerivCount,2.7039272426622585,0.4747967479674795,4.762140516927557,0.025197480251974803,0.131986801319868,10000,estimable
undecidable-positive,4088,59,4029,Top-10% lift,S_C3_Q10,AllTime DerivCount,1.6940864448220125,0.7349345606213147,2.939738242485258,0.0007999200079992001,0.0047995200479952005,10000,estimable
undecidable-positive,4088,59,4029,AUROC,S_C3_Q10,Current DerivCount,0.33345322681743794,0.270066131794656,0.39007030417473565,0.00019998000199980003,0.0013998600139986002,10000,estimable
undecidable-positive,4088,59,4029,AP,S_C3_Q10,Current DerivCount,0.16794577797877855,0.11682592143119012,0.2200200894962005,0.00019998000199980003,0.0013998600139986002,10000,estimable
undecidable-positive,4088,59,4029,Top-1% lift,S_C3_Q10,Current DerivCount,3.3799090533278218,0.0,12.8654602675059,0.6621337866213378,0.6621337866213378,10000,estimable
undecidable-positive,4088,59,4029,Top-5% lift,S_C3_Q10,Current DerivCount,9.801736254650683,7.097809011988425,12.317052823790267,0.00019998000199980003,0.0013998600139986002,10000,estimable
undecidable-positive,4088,59,4029,Top-10% lift,S_C3_Q10,Current DerivCount,5.759893912394845,4.455316948314858,7.20244415159593,0.00019998000199980003,0.0013998600139986002,10000,estimable
undecidable-positive,4088,59,4029,AUROC,S_C3_Q10,Vanilla PageRank,0.1117701747079437,0.05827088442609606,0.16838810185038497,0.00019998000199980003,0.0013998600139986002,10000,estimable
undecidable-positive,4088,59,4029,AP,S_C3_Q10,Vanilla PageRank,-0.024329014624573625,-0.0898919916859432,0.041289031485899574,0.5631436856314369,1.0,10000,estimable
undecidable-positive,4088,59,4029,Top-1% lift,S_C3_Q10,Vanilla PageRank,-6.75981810665564,-15.172852598091197,1.846431797651313,0.20337966203379662,0.6035396460353964,10000,estimable
undecidable-positive,4088,59,4029,Top-5% lift,S_C3_Q10,Vanilla PageRank,2.7039272426622585,0.5778069989395545,4.7686108165429495,0.021997800219978002,0.131986801319868,10000,estimable
undecidable-positive,4088,59,4029,Top-10% lift,S_C3_Q10,Vanilla PageRank,1.6940864448220125,0.7349345606213147,2.939738242485258,0.0007999200079992001,0.0047995200479952005,10000,estimable
undecidable-positive,4088,59,4029,AUROC,S_C3_Q10,Temporal Vanilla PageRank,0.1404163038311227,0.0706681872771578,0.21473844852398352,0.00019998000199980003,0.0013998600139986002,10000,estimable
undecidable-positive,4088,59,4029,AP,S_C3_Q10,Temporal Vanilla PageRank,-0.0316977527627986,-0.09838732898808802,0.03575060924969758,0.42415758424157585,1.0,10000,estimable
undecidable-positive,4088,59,4029,Top-1% lift,S_C3_Q10,Temporal Vanilla PageRank,-6.75981810665564,-15.339587242026267,1.8812701334560522,0.20117988201179882,0.6035396460353964,10000,estimable
undecidable-positive,4088,59,4029,Top-5% lift,S_C3_Q10,Temporal Vanilla PageRank,2.7039272426622585,0.5463414634146346,4.768610816542948,0.022997700229977002,0.131986801319868,10000,estimable
undecidable-positive,4088,59,4029,Top-10% lift,S_C3_Q10,Temporal Vanilla PageRank,1.6940864448220125,0.7457656028469439,2.939738242485258,0.0007999200079992001,0.0047995200479952005,10000,estimable
undecidable-positive,4088,59,4029,AUROC,S_C3_Q10,Downloads,0.0035757705785596228,-0.008992981529643044,0.017937026204001894,0.6069393060693931,0.6069393060693931,10000,estimable
undecidable-positive,4088,59,4029,AP,S_C3_Q10,Downloads,-0.2232827182558206,-0.3216281893759674,-0.11108544375824196,0.00019998000199980003,0.0013998600139986002,10000,estimable
undecidable-positive,4088,59,4029,Top-1% lift,S_C3_Q10,Downloads,-20.27945431996693,-30.270227995758223,-10.575018477457501,0.00019998000199980003,0.0013998600139986002,10000,estimable
undecidable-positive,4088,59,4029,Top-5% lift,S_C3_Q10,Downloads,1.6899545266639109,-0.9203752345215772,4.273170731707317,0.25177482251774824,0.25177482251774824,10000,estimable
undecidable-positive,4088,59,4029,Top-10% lift,S_C3_Q10,Downloads,0.6776345779288047,0.0,1.7179095354523222,0.0903909609039096,0.2711728827117288,10000,estimable
undecidable-positive,4088,59,4029,AUROC,S_C3_Q10,Likes,0.020062176340177706,-0.013661767993861486,0.05896214830589916,0.280971902809719,0.561943805619438,10000,estimable
undecidable-positive,4088,59,4029,AP,S_C3_Q10,Likes,-0.3074413498603089,-0.4064252371249453,-0.19525843218458624,0.00019998000199980003,0.0013998600139986002,10000,estimable
undecidable-positive,4088,59,4029,Top-1% lift,S_C3_Q10,Likes,-25.349317899958663,-38.66202090592334,-15.668292682926829,0.00019998000199980003,0.0013998600139986002,10000,estimable
undecidable-positive,4088,59,4029,Top-5% lift,S_C3_Q10,Likes,-1.6899545266639109,-3.6005420054200545,0.0,0.0871912808719128,0.18898110188981102,10000,estimable
undecidable-positive,4088,59,4029,Top-10% lift,S_C3_Q10,Likes,0.3388172889644032,-0.3844273086326879,1.2956624105768366,0.40975902409759024,0.8195180481951805,10000,estimable
undecidable-excluded,4057,28,4029,AUROC,S_C3_Q10,Submitted Full ModelRank,-0.011151295961422614,-0.01676241980199364,-0.0056924765696337466,0.00039996000399960006,0.0023997600239976003,10000,estimable
undecidable-excluded,4057,28,4029,AP,S_C3_Q10,Submitted Full ModelRank,-0.20502728237525858,-0.33131685550335166,-0.10804959967405404,0.00019998000199980003,0.0013998600139986002,10000,estimable
undecidable-excluded,4057,28,4029,Top-1% lift,S_C3_Q10,Submitted Full ModelRank,-31.805749128919864,-47.97634885439764,-13.019897304236203,0.00039996000399960006,0.0027997200279972004,10000,estimable
undecidable-excluded,4057,28,4029,Top-5% lift,S_C3_Q10,Submitted Full ModelRank,-1.4275158339197738,-4.163587848932677,1.289369140314637,0.44615538446155384,1.0,10000,estimable
undecidable-excluded,4057,28,4029,Top-10% lift,S_C3_Q10,Submitted Full ModelRank,0.0,0.0,0.0,1.0,1.0,10000,estimable
undecidable-excluded,4057,28,4029,AUROC,S_C3_Q10,AllTime DerivCount,0.07209339431975315,0.01445405080326779,0.14170201484894596,0.015198480151984802,0.04559544045595441,10000,estimable
undecidable-excluded,4057,28,4029,AP,S_C3_Q10,AllTime DerivCount,-0.086080152240614,-0.20543993372464564,0.017647705214618083,0.11758824117588242,0.26277372262773724,10000,estimable
undecidable-excluded,4057,28,4029,Top-1% lift,S_C3_Q10,AllTime DerivCount,-10.601916376306619,-23.8847771236333,0.0,0.15978402159784022,0.6391360863913609,10000,estimable
undecidable-excluded,4057,28,4029,Top-5% lift,S_C3_Q10,AllTime DerivCount,2.855031667839551,0.0,6.869919950738916,0.10778922107789221,0.6431356864313569,10000,estimable
undecidable-excluded,4057,28,4029,Top-10% lift,S_C3_Q10,AllTime DerivCount,1.4275158339197755,0.30280638901328594,2.8550316678395493,0.04179582041795821,0.2495750424957504,10000,estimable
undecidable-excluded,4057,28,4029,AUROC,S_C3_Q10,Current DerivCount,0.30384622203311706,0.2155662342200813,0.38611324930264973,0.00019998000199980003,0.0013998600139986002,10000,estimable
undecidable-excluded,4057,28,4029,AP,S_C3_Q10,Current DerivCount,0.1470610599008878,0.08022173348150076,0.19708372986397563,0.00039996000399960006,0.001999800019998,10000,estimable
undecidable-excluded,4057,28,4029,Top-1% lift,S_C3_Q10,Current DerivCount,7.067944250871083,0.0,23.08861788617886,0.7603239676032397,1.0,10000,estimable
undecidable-excluded,4057,28,4029,Top-5% lift,S_C3_Q10,Current DerivCount,9.278852920478537,5.710063335679099,13.538375973303669,0.00019998000199980003,0.0013998600139986002,10000,estimable
undecidable-excluded,4057,28,4029,Top-10% lift,S_C3_Q10,Current DerivCount,6.066942294159043,4.207415089447757,7.872966114345425,0.00019998000199980003,0.0013998600139986002,10000,estimable
undecidable-excluded,4057,28,4029,AUROC,S_C3_Q10,Vanilla PageRank,0.07387068751551251,0.016538443041838838,0.1432370644595879,0.007999200079992,0.03999600039996,10000,estimable
undecidable-excluded,4057,28,4029,AP,S_C3_Q10,Vanilla PageRank,-0.08386695582295228,-0.18169398050843893,0.014787245963673736,0.10478952104789521,0.26277372262773724,10000,estimable
undecidable-excluded,4057,28,4029,Top-1% lift,S_C3_Q10,Vanilla PageRank,-3.5339721254355396,-18.324299909665765,6.184451219512198,0.5491450854914508,1.0,10000,estimable
undecidable-excluded,4057,28,4029,Top-5% lift,S_C3_Q10,Vanilla PageRank,2.855031667839551,0.0,6.869919950738916,0.10718928107189281,0.6431356864313569,10000,estimable
undecidable-excluded,4057,28,4029,Top-10% lift,S_C3_Q10,Vanilla PageRank,1.4275158339197755,0.30280638901328594,2.8550316678395493,0.04179582041795821,0.2495750424957504,10000,estimable
undecidable-excluded,4057,28,4029,AUROC,S_C3_Q10,Temporal Vanilla PageRank,0.08528791263340774,0.010254099649572083,0.17863396197672823,0.0081991800819918,0.03999600039996,10000,estimable
undecidable-excluded,4057,28,4029,AP,S_C3_Q10,Temporal Vanilla PageRank,-0.0882137164010377,-0.1869709799851513,0.011353113863835626,0.08759124087591241,0.26277372262773724,10000,estimable
undecidable-excluded,4057,28,4029,Top-1% lift,S_C3_Q10,Temporal Vanilla PageRank,-3.5339721254355396,-18.847851335656213,6.8242220353238,0.591940805919408,1.0,10000,estimable
undecidable-excluded,4057,28,4029,Top-5% lift,S_C3_Q10,Temporal Vanilla PageRank,2.855031667839551,0.0,6.837425182414158,0.10738926107389261,0.6431356864313569,10000,estimable
undecidable-excluded,4057,28,4029,Top-10% lift,S_C3_Q10,Temporal Vanilla PageRank,1.4275158339197755,0.30280638901328594,2.8550316678395493,0.0415958404159584,0.2495750424957504,10000,estimable
undecidable-excluded,4057,28,4029,AUROC,S_C3_Q10,Downloads,-0.00855405453320568,-0.01623672004691551,-0.000547284028313795,0.038196180381961806,0.07639236076392361,10000,estimable
undecidable-excluded,4057,28,4029,AP,S_C3_Q10,Downloads,-0.41263354146064474,-0.5597690317630909,-0.23360436807365825,0.00039996000399960006,0.001999800019998,10000,estimable
undecidable-excluded,4057,28,4029,Top-1% lift,S_C3_Q10,Downloads,-31.805749128919864,-49.47560975609757,-15.22326454033771,0.00039996000399960006,0.0027997200279972004,10000,estimable
undecidable-excluded,4057,28,4029,Top-5% lift,S_C3_Q10,Downloads,0.0,-3.4457278749787683,3.3308702791461418,1.0,1.0,10000,estimable
undecidable-excluded,4057,28,4029,Top-10% lift,S_C3_Q10,Downloads,0.0,0.0,0.0,1.0,1.0,10000,estimable
undecidable-excluded,4057,28,4029,AUROC,S_C3_Q10,Likes,0.028201787043931503,-0.011767457317555343,0.08679893722297223,0.2753724627537246,0.2753724627537246,10000,estimable
undecidable-excluded,4057,28,4029,AP,S_C3_Q10,Likes,-0.33556553730072664,-0.48646634880546524,-0.15811063047972723,0.00019998000199980003,0.0013998600139986002,10000,estimable
undecidable-excluded,4057,28,4029,Top-1% lift,S_C3_Q10,Likes,-28.271777003484317,-49.47560975609757,-13.6484440706476,0.00039996000399960006,0.0027997200279972004,10000,estimable
undecidable-excluded,4057,28,4029,Top-5% lift,S_C3_Q10,Likes,-0.7137579169598851,-2.2840253342716412,1.7378453630327684,0.9257074292570743,1.0,10000,estimable
undecidable-excluded,4057,28,4029,Top-10% lift,S_C3_Q10,Likes,1.0706368754398312,0.0,2.3791930565329578,0.10698930106989302,0.32096790320967905,10000,estimable
