candidate,baseline,family,metric,statistic,material_threshold,n_months,mean_difference,sd_difference,ci_low,ci_high,p_raw,bootstrap_ci_low,bootstrap_ci_high,bootstrap_direction,holm_p,holm_family_size,decision,robust_material_win,material_loss
S_C3_Q10,AllTime DerivCount,quantity,future_direct_children_3m,lift,0.1,6,0.33129565322430565,0.22100999303329946,0.099359889761998,0.5632314166866133,0.014416218822879788,0.16826073691966478,0.49045488810707516,positive,0.2162432823431968,21,tie,False,False
S_C3_Q10,AllTime DerivCount,quantity,future_active_parent_months_3m,lift,0.1,6,0.3541159851656665,0.2260871495446243,0.11685207271104461,0.5913798976202884,0.012165819480658159,0.18691458092694613,0.5104762388782151,positive,0.200514388635534,21,tie,False,False
S_C3_Q10,AllTime DerivCount,quantity,future_active_parent_binary_3m,auc,0.01,6,0.033424089271755296,0.03871551791332146,-0.007205355043515653,0.07405353358702624,0.0880946197936735,0.007042526417038786,0.06221693893362362,positive,0.7928515781430615,21,tie,False,False
S_C3_Q10,AllTime DerivCount,descendant_quality,future_child_download_quality_sum_3m,lift,0.1,6,0.25465414210171433,0.2461148671532503,-0.003627570997172036,0.5129358552006007,0.05224405144563679,0.07348009375327587,0.4269001334832003,positive,0.522440514456368,21,tie,False,False
S_C3_Q10,AllTime DerivCount,descendant_quality,future_child_like_quality_sum_3m,lift,0.1,6,0.2172405259654059,0.09102391810347443,0.12171678222464655,0.3127642697061653,0.0020732542312932633,0.15876771119417085,0.2906785416615887,positive,0.039391830394572,21,win,True,False
S_C3_Q10,AllTime DerivCount,descendant_quality,future_high_download_child_count_3m,lift,0.1,6,0.133419178818179,0.3706403461980229,-0.2555440100654123,0.5223823677017703,0.41828138763205763,-0.1413565705440425,0.40295146943723764,mixed,0.8909595549476713,21,tie,False,False
S_C3_Q10,AllTime DerivCount,descendant_quality,future_high_like_child_count_3m,lift,0.1,6,0.1328607616071978,0.11483329411441383,0.012350610116874175,0.25337091309752147,0.03650143187359776,0.0445513200452922,0.21178238070779956,positive,0.40151575060957534,21,tie,False,False
S_C3_Q10,AllTime DerivCount,descendant_quality,future_nonzero_like_child_share_3m,lift,0.1,6,0.18079256887108905,0.14918538279366098,0.02423211121589608,0.337353026526282,0.031212819045291704,0.07107015536370342,0.2855670687018598,positive,0.39406581730497875,21,tie,False,False
S_C3_Q10,AllTime DerivCount,descendant_quality,future_nonzero_download_child_share_3m,lift,0.1,6,0.2927441395471291,0.23951551626003822,0.04138802047575885,0.5441002586184993,0.03031275517730606,0.12447477054865042,0.4603668268355326,positive,0.39406581730497875,21,tie,False,False
S_C3_Q10,AllTime DerivCount,descendant_quality,future_child_download_quality_mean_3m,lift,0.1,6,0.25852686004201697,0.330229585276016,-0.08802783609470433,0.6050815561787383,0.11327205444316706,0.014574535715705291,0.48464028869856607,positive,0.8909595549476713,21,tie,False,False
S_C3_Q10,AllTime DerivCount,descendant_quality,future_child_download_quality_median_3m,lift,0.1,6,0.2607299129794114,0.3307650405401564,-0.08638670899506878,0.6078465349538915,0.11136994436845891,0.015976559358771514,0.49329268310187163,positive,0.8909595549476713,21,tie,False,False
S_C3_Q10,AllTime DerivCount,descendant_quality,future_child_like_quality_mean_3m,lift,0.1,6,0.29499208964525686,0.1108023616362315,0.178712142359552,0.4112720369309617,0.0012676209513032709,0.21423847947209915,0.3740519499229646,positive,0.026620039977368688,21,win,True,False
S_C3_Q10,AllTime DerivCount,descendant_quality,future_child_like_quality_median_3m,lift,0.1,6,0.2977490454259161,0.11739881350753864,0.174546546449603,0.42095154440222926,0.001579067389214658,0.212305522985779,0.3831925678660532,positive,0.03158134778429316,21,win,True,False
S_C3_Q10,AllTime DerivCount,repropagation,future_child_becomes_parent_share_3m,lift,0.1,3,0.21342236288894778,0.14137099223071622,-0.13776265025458528,0.5646073760324808,0.12040642239532515,0.07981523034384885,0.36145159040290853,positive,0.8909595549476713,21,tie,False,False
S_C3_Q10,AllTime DerivCount,repropagation,future_child_future_child_count_mean_3m,lift,0.1,3,0.15347570187549722,0.10473181966794944,-0.10669256097866678,0.41364396472966125,0.12644480542056483,0.06690216226678558,0.2698892159713502,positive,0.8909595549476713,21,tie,False,False
S_C3_Q10,AllTime DerivCount,repropagation,future_child_future_child_count_median_3m,lift,0.1,3,0.14305675427449258,0.12108610393883597,-0.1577378028851625,0.4438513114341477,0.17734275923654969,0.04328995617682452,0.2777740148710066,positive,0.8909595549476713,21,tie,False,False
S_C3_Q10,AllTime DerivCount,repropagation,future_child_second_order_diffusion_share_3m,lift,0.1,3,0.1742082812426015,0.14424643738538012,-0.1841197336476134,0.5325362961328164,0.1715620073250287,0.04653216140517813,0.3306807894827628,positive,0.8909595549476713,21,tie,False,False
S_C3_Q10,AllTime DerivCount,adoption_breadth,future_child_owner_breadth_3m,lift,0.1,6,0.3068525962996896,0.19436638920046542,0.10287758027482724,0.5108276123245519,0.011794964037384352,0.16806969798348778,0.44657184360696706,positive,0.200514388635534,21,tie,False,False
S_C3_Q10,AllTime DerivCount,adoption_breadth,future_high_download_child_owner_breadth_3m,lift,0.1,6,0.13300456404423366,0.3317430487718113,-0.21513841462465688,0.4811475427131242,0.37116807712664446,-0.10922262635913309,0.37626237044825256,mixed,0.8909595549476713,21,tie,False,False
S_C3_Q10,AllTime DerivCount,adoption_breadth,future_high_like_child_owner_breadth_3m,lift,0.1,6,0.1531651283922054,0.07129245480361053,0.07834828546562284,0.22798197131878795,0.003292077912251332,0.10426080483864815,0.20881563857003674,positive,0.05925740242052397,21,tie,False,False
S_C3_Q10,AllTime DerivCount,adoption_breadth,future_cross_owner_reuse_share_3m,lift,0.1,6,0.4167897051146812,0.327165959795258,0.07345008674476083,0.7601293234846016,0.02623733729489973,0.1772490719732153,0.6539402290047605,positive,0.3673227221285962,21,tie,False,False
S_C3_Q10,Current DerivCount,quantity,future_direct_children_3m,lift,0.1,6,1.8646625948550943,0.5954293334197924,1.239797831324855,2.4895273583853337,0.0005999008541360718,1.404585861858374,2.283292208097901,positive,0.008398611957905006,21,win,True,False
S_C3_Q10,Current DerivCount,quantity,future_active_parent_months_3m,lift,0.1,6,2.362749122950797,0.7052081238923673,1.622678584193964,3.1028196617076302,0.000437225384051212,1.8484565480812936,2.8614663645926197,positive,0.00655838076076818,21,win,True,False
S_C3_Q10,Current DerivCount,quantity,future_active_parent_binary_3m,auc,0.01,6,0.17044571280800924,0.037935630261531496,0.13063471038964147,0.210256715226377,0.00010778610601022602,0.1433358780161769,0.19766862558296813,positive,0.0019401499081840683,21,win,True,False
S_C3_Q10,Current DerivCount,descendant_quality,future_child_download_quality_sum_3m,lift,0.1,6,1.4718150125095277,0.4728990114404196,0.9755379358323726,1.9680920891866829,0.0006174427798680177,1.1112602880900522,1.795481191927303,positive,0.008398611957905006,21,win,True,False
S_C3_Q10,Current DerivCount,descendant_quality,future_child_like_quality_sum_3m,lift,0.1,6,1.722717458657021,0.7858844605121993,0.8979822969550908,2.5474526203589516,0.003016030008533313,1.1406943055694503,2.2814113694674054,positive,0.022378931521030612,21,win,True,False
S_C3_Q10,Current DerivCount,descendant_quality,future_high_download_child_count_3m,lift,0.1,6,0.385285096338283,0.2503780665984894,0.12252942980157794,0.648040762874988,0.01303219292347753,0.22116405788498472,0.5845595575171094,positive,0.06516096461738766,21,tie,False,False
S_C3_Q10,Current DerivCount,descendant_quality,future_high_like_child_count_3m,lift,0.1,6,1.7797942074346451,0.7124678298977718,1.0321050744605738,2.5274833404087165,0.001690515632271919,1.1982687532980238,2.198163881783828,positive,0.01690515632271919,21,win,True,False
S_C3_Q10,Current DerivCount,descendant_quality,future_nonzero_like_child_share_3m,lift,0.1,6,2.4577028450304277,0.44063856867273,1.9952810267525107,2.9201246633083446,3.7677341050146795e-05,2.1699581946886908,2.798519417391742,positive,0.0007158694799527892,21,win,True,False
S_C3_Q10,Current DerivCount,descendant_quality,future_nonzero_download_child_share_3m,lift,0.1,6,2.2883286127618128,0.7440778218444231,1.5074668276621006,3.069190397861525,0.0006527340078332809,1.744498548627779,2.8121226847449576,positive,0.008398611957905006,21,win,True,False
S_C3_Q10,Current DerivCount,descendant_quality,future_child_download_quality_mean_3m,lift,0.1,6,1.9096677522054895,0.8336640351959617,1.034791001971347,2.7845445024396316,0.002486547946781179,1.3039626372238757,2.4913149220966537,positive,0.022378931521030612,21,win,True,False
S_C3_Q10,Current DerivCount,descendant_quality,future_child_download_quality_median_3m,lift,0.1,6,1.911348308454211,0.8372348091738913,1.0327242607456162,2.789972356162806,0.002524034254531449,1.3146624176120072,2.5127658435150826,positive,0.022378931521030612,21,win,True,False
S_C3_Q10,Current DerivCount,descendant_quality,future_child_like_quality_mean_3m,lift,0.1,6,2.735594077874263,0.3963494631990782,2.3196508253395085,3.1515373304090173,1.3240833458396019e-05,2.437357795750266,3.0145715793197465,positive,0.00026481666916792037,21,win,True,False
S_C3_Q10,Current DerivCount,descendant_quality,future_child_like_quality_median_3m,lift,0.1,6,2.821698143931792,0.36309866525692397,2.4406494638125142,3.2027468240510695,7.374617429404111e-06,2.5545089482988375,3.072753662903725,positive,0.00015486696601748633,21,win,True,False
S_C3_Q10,Current DerivCount,repropagation,future_child_becomes_parent_share_3m,lift,0.1,3,5.252787040855531,1.0706684849531303,2.5930990806338294,7.912475001077233,0.013567509018571915,4.4955699137062055,6.477739312054717,positive,0.06516096461738766,21,tie,False,False
S_C3_Q10,Current DerivCount,repropagation,future_child_future_child_count_mean_3m,lift,0.1,3,5.552748591675688,1.453342991269504,1.9424444589998227,9.163052724351553,0.022081368250371543,4.407755887691262,7.187765358125437,positive,0.06624410475111463,21,tie,False,False
S_C3_Q10,Current DerivCount,repropagation,future_child_future_child_count_median_3m,lift,0.1,3,5.979960409845361,1.923890306811476,1.2007519454832867,10.759168874207436,0.03281314758105625,4.718605223273796,8.194333438694724,positive,0.06624410475111463,21,tie,False,False
S_C3_Q10,Current DerivCount,repropagation,future_child_second_order_diffusion_share_3m,lift,0.1,3,5.6538868379415375,1.6914602029258101,1.4520667599807373,9.855706915902338,0.028561781023449237,4.50996500350053,7.596840003717321,positive,0.06624410475111463,21,tie,False,False
S_C3_Q10,Current DerivCount,adoption_breadth,future_child_owner_breadth_3m,lift,0.1,6,1.898191972056992,0.551684724885191,1.3192343597762615,2.4771495843377225,0.00038574962253884996,1.484619306960069,2.2810120900170405,positive,0.006171993960621599,21,win,True,False
S_C3_Q10,Current DerivCount,adoption_breadth,future_high_download_child_owner_breadth_3m,lift,0.1,6,0.3982729623109223,0.24508619719928657,0.14107077212341562,0.655475152498429,0.010525489097975481,0.22358396010411266,0.5859239344785574,positive,0.06315293458785289,21,tie,False,False
S_C3_Q10,Current DerivCount,adoption_breadth,future_high_like_child_owner_breadth_3m,lift,0.1,6,2.006249853872942,0.5399244277853281,1.439633916504573,2.572865791241311,0.0002679636942504148,1.586449779398342,2.3729452777073328,positive,0.004555382802257051,21,win,True,False
S_C3_Q10,Current DerivCount,adoption_breadth,future_cross_owner_reuse_share_3m,lift,0.1,6,2.502473658865838,0.9074382815729649,1.5501755851772012,3.454771732554475,0.0010795383914129941,1.844767881509317,3.1677078309436304,positive,0.011874922305542936,21,win,True,False
S_C3_Q10,Vanilla PageRank,quantity,future_direct_children_3m,lift,0.1,6,0.33129565322430565,0.22100999303329946,0.099359889761998,0.5632314166866133,0.014416218822879788,0.17019857763060045,0.49045488810707516,positive,0.2162432823431968,21,tie,False,False
S_C3_Q10,Vanilla PageRank,quantity,future_active_parent_months_3m,lift,0.1,6,0.3541159851656665,0.2260871495446243,0.11685207271104461,0.5913798976202884,0.012165819480658159,0.1894117921625591,0.5140970412456908,positive,0.200514388635534,21,tie,False,False
S_C3_Q10,Vanilla PageRank,quantity,future_active_parent_binary_3m,auc,0.01,6,0.034271515277763544,0.038783450897556096,-0.0064292203322877245,0.07497225088781481,0.0827129282880429,0.00786537654454896,0.06313883579617596,positive,0.7444163545923861,21,tie,False,False
S_C3_Q10,Vanilla PageRank,descendant_quality,future_child_download_quality_sum_3m,lift,0.1,6,0.2546541421017141,0.2461148671532506,-0.003627570997172591,0.5129358552006008,0.05224405144563716,0.07438651698808137,0.4269001334832003,positive,0.5224405144563716,21,tie,False,False
S_C3_Q10,Vanilla PageRank,descendant_quality,future_child_like_quality_sum_3m,lift,0.1,6,0.21724052596540577,0.09102391810347443,0.12171678222464641,0.3127642697061651,0.0020732542312932706,0.1583324583736032,0.2883206553462448,positive,0.03939183039457214,21,win,True,False
S_C3_Q10,Vanilla PageRank,descendant_quality,future_high_download_child_count_3m,lift,0.1,6,0.133419178818179,0.3706403461980229,-0.2555440100654123,0.5223823677017703,0.41828138763205763,-0.14351077831679668,0.4044511476788532,mixed,0.8909595549476749,21,tie,False,False
S_C3_Q10,Vanilla PageRank,descendant_quality,future_high_like_child_count_3m,lift,0.1,6,0.1328607616071978,0.11483329411441383,0.012350610116874175,0.25337091309752147,0.03650143187359776,0.04372113209430791,0.21178238070779956,positive,0.40151575060957534,21,tie,False,False
S_C3_Q10,Vanilla PageRank,descendant_quality,future_nonzero_like_child_share_3m,lift,0.1,6,0.18079256887108905,0.14918538279366067,0.024232111215896412,0.3373530265262817,0.03121281904529149,0.07416103260772379,0.28581803490662167,positive,0.39406581730497897,21,tie,False,False
S_C3_Q10,Vanilla PageRank,descendant_quality,future_nonzero_download_child_share_3m,lift,0.1,6,0.2927441395471291,0.2395155162600383,0.04138802047575879,0.5441002586184993,0.030312755177306076,0.12313688527740803,0.46036682683553276,positive,0.39406581730497897,21,tie,False,False
S_C3_Q10,Vanilla PageRank,descendant_quality,future_child_download_quality_mean_3m,lift,0.1,6,0.25852686004201725,0.33022958527601637,-0.08802783609470449,0.605081556178739,0.11327205444316706,0.01751894032035506,0.493515687562053,positive,0.8909595549476749,21,tie,False,False
S_C3_Q10,Vanilla PageRank,descendant_quality,future_child_download_quality_median_3m,lift,0.1,6,0.2607299129794109,0.3307650405401563,-0.08638670899506923,0.6078465349538911,0.11136994436845936,0.01939897920973636,0.493371166774164,positive,0.8909595549476749,21,tie,False,False
S_C3_Q10,Vanilla PageRank,descendant_quality,future_child_like_quality_mean_3m,lift,0.1,6,0.29499208964525686,0.1108023616362319,0.17871214235955157,0.41127203693096215,0.0012676209513032915,0.21423689193254186,0.3757456998184148,positive,0.02662003997736912,21,win,True,False
S_C3_Q10,Vanilla PageRank,descendant_quality,future_child_like_quality_median_3m,lift,0.1,6,0.2977490454259157,0.11739881350753875,0.17454654644960244,0.4209515444022289,0.0015790673892146765,0.21230552298577843,0.3831925678660529,positive,0.03158134778429353,21,win,True,False
S_C3_Q10,Vanilla PageRank,repropagation,future_child_becomes_parent_share_3m,lift,0.1,3,0.21342236288894778,0.14137099223071622,-0.13776265025458528,0.5646073760324808,0.12040642239532515,0.07981523034384885,0.36145159040290853,positive,0.8909595549476749,21,tie,False,False
S_C3_Q10,Vanilla PageRank,repropagation,future_child_future_child_count_mean_3m,lift,0.1,3,0.15347570187549722,0.10473181966794944,-0.10669256097866678,0.41364396472966125,0.12644480542056483,0.06690216226678558,0.2698892159713502,positive,0.8909595549476749,21,tie,False,False
S_C3_Q10,Vanilla PageRank,repropagation,future_child_future_child_count_median_3m,lift,0.1,3,0.14305675427449258,0.12108610393883597,-0.1577378028851625,0.4438513114341477,0.17734275923654969,0.04328995617682452,0.2777740148710066,positive,0.8909595549476749,21,tie,False,False
S_C3_Q10,Vanilla PageRank,repropagation,future_child_second_order_diffusion_share_3m,lift,0.1,3,0.1742082812426015,0.14424643738538012,-0.1841197336476134,0.5325362961328164,0.1715620073250287,0.04653216140517813,0.3306807894827628,positive,0.8909595549476749,21,tie,False,False
S_C3_Q10,Vanilla PageRank,adoption_breadth,future_child_owner_breadth_3m,lift,0.1,6,0.3068525962996896,0.19436638920046542,0.10287758027482724,0.5108276123245519,0.011794964037384352,0.16921617588983162,0.4435990824644754,positive,0.200514388635534,21,tie,False,False
S_C3_Q10,Vanilla PageRank,adoption_breadth,future_high_download_child_owner_breadth_3m,lift,0.1,6,0.13300456404423366,0.3317430487718113,-0.21513841462465688,0.4811475427131242,0.37116807712664446,-0.10922262635913309,0.37325994665371665,mixed,0.8909595549476749,21,tie,False,False
S_C3_Q10,Vanilla PageRank,adoption_breadth,future_high_like_child_owner_breadth_3m,lift,0.1,6,0.1531651283922054,0.07129245480361053,0.07834828546562284,0.22798197131878795,0.003292077912251332,0.10315363612851813,0.20628961300661794,positive,0.05925740242052397,21,tie,False,False
S_C3_Q10,Vanilla PageRank,adoption_breadth,future_cross_owner_reuse_share_3m,lift,0.1,6,0.41678970511468116,0.327165959795258,0.07345008674476078,0.7601293234846016,0.026237337294899767,0.1784441265989086,0.6551352836304537,positive,0.36732272212859673,21,tie,False,False
S_C3_Q10,Downloads,quantity,future_direct_children_3m,lift,0.1,6,1.6901555554410788,0.36324878681445333,1.308949332409013,2.0713617784731446,9.102112722344897e-05,1.4029933819758436,1.9354458542375366,positive,0.0018204225444689794,21,win,True,False
S_C3_Q10,Downloads,quantity,future_active_parent_months_3m,lift,0.1,6,1.650562769796086,0.4797973396238395,1.1470463416675512,2.154079197924621,0.0003860638621654867,1.2975476090841036,1.993874125398332,positive,0.006563085656813274,21,win,True,False
S_C3_Q10,Downloads,quantity,future_active_parent_binary_3m,auc,0.01,6,0.08771190198311209,0.01686254694643539,0.07001574423810358,0.10540805972812059,5.296690846871038e-05,0.07501454294581289,0.09921006322968418,positive,0.001112305077842918,21,win,True,False
S_C3_Q10,Downloads,descendant_quality,future_child_download_quality_sum_3m,lift,0.1,6,1.4460198161705042,0.42083430796576754,1.0043812949002653,1.8876583374407432,0.0003882130199823425,1.1033407940258224,1.6789753792002842,positive,0.006563085656813274,21,win,True,False
S_C3_Q10,Downloads,descendant_quality,future_child_like_quality_sum_3m,lift,0.1,6,1.804571561819495,0.5588552240242093,1.2180889721864352,2.391054151452555,0.0005198863788112956,1.3868514978190494,2.1942428934118636,positive,0.0072784093033581385,21,win,True,False
S_C3_Q10,Downloads,descendant_quality,future_high_download_child_count_3m,lift,0.1,6,0.8071039842251627,0.558894433234782,0.22058024704911583,1.3936277214012096,0.016609708745584758,0.35594312993930427,1.1656421069799883,positive,0.06478264378189283,21,tie,False,False
S_C3_Q10,Downloads,descendant_quality,future_high_like_child_count_3m,lift,0.1,6,1.9480780174374053,0.5889209796028534,1.330043352359715,2.5661126825150955,0.0004642935928119496,1.540445573870864,2.380030734483927,positive,0.006964403892179244,21,win,True,False
S_C3_Q10,Downloads,descendant_quality,future_nonzero_like_child_share_3m,lift,0.1,6,2.0440064355575327,0.7431635988939072,1.2641040686049028,2.8239088025101626,0.0010927468517443327,1.493711723953713,2.584689026132335,positive,0.009834721665698995,21,win,True,False
S_C3_Q10,Downloads,descendant_quality,future_nonzero_download_child_share_3m,lift,0.1,6,1.514653618009558,0.5258964166390662,0.9627591754949344,2.0665480605241817,0.0008843748681607752,1.1294939811640639,1.8995885709174847,positive,0.008855002142426922,21,win,True,False
S_C3_Q10,Downloads,descendant_quality,future_child_download_quality_mean_3m,lift,0.1,6,1.2855430702119879,0.6233959868883978,0.6313291038031735,1.9397570366208021,0.0039291302640265535,0.8087103575936677,1.7199555250359866,positive,0.03061949592433766,21,win,True,False
S_C3_Q10,Downloads,descendant_quality,future_child_download_quality_median_3m,lift,0.1,6,1.2873046889286235,0.6204526121109785,0.6361796049128039,1.938429772944443,0.0038274369905422073,0.8071419823515734,1.7191967705023898,positive,0.03061949592433766,21,win,True,False
S_C3_Q10,Downloads,descendant_quality,future_child_like_quality_mean_3m,lift,0.1,6,2.122191315034272,0.6992883929082755,1.3883331529507414,2.8560494771178027,0.0006943239171392458,1.61482089800608,2.6276644116584396,positive,0.00833188700567095,21,win,True,False
S_C3_Q10,Downloads,descendant_quality,future_child_like_quality_median_3m,lift,0.1,6,2.1867347683165437,0.7065831058919747,1.4452212744451072,2.92824826218798,0.0006338953093936458,1.6536619647181785,2.691906549069328,positive,0.008240639022117396,21,win,True,False
S_C3_Q10,Downloads,repropagation,future_child_becomes_parent_share_3m,lift,0.1,3,3.211971709502093,0.4795548995682415,2.020691298644745,4.403252120359442,0.007348592717754298,2.7243336505050295,3.6830125343088405,positive,0.04409155630652579,21,win,True,False
S_C3_Q10,Downloads,repropagation,future_child_future_child_count_mean_3m,lift,0.1,3,2.3989233687797342,0.5353058961826855,1.0691498047664971,3.728696932792971,0.016195660945473207,1.9455075065790934,2.989448485313323,positive,0.06478264378189283,21,tie,False,False
S_C3_Q10,Downloads,repropagation,future_child_future_child_count_median_3m,lift,0.1,3,2.6374266213561954,0.4673741500039133,1.4764048698486065,3.7984483728637843,0.010306065255680296,2.207787765018015,3.135082461493751,positive,0.051530326278401484,21,tie,False,False
S_C3_Q10,Downloads,repropagation,future_child_second_order_diffusion_share_3m,lift,0.1,3,2.2978695026196454,0.520527734422833,1.0048069275439495,3.5909320776953413,0.016678002989451674,1.953035541656364,2.8966270474722453,positive,0.06478264378189283,21,tie,False,False
S_C3_Q10,Downloads,adoption_breadth,future_child_owner_breadth_3m,lift,0.1,6,1.4235717460557007,0.3594917143282691,1.0463083287923092,1.8008351633190922,0.00019780959405889278,1.1707637949883727,1.6876918659569882,positive,0.003758382287118963,21,win,True,False
S_C3_Q10,Downloads,adoption_breadth,future_high_download_child_owner_breadth_3m,lift,0.1,6,0.764713016993069,0.6157701409529113,0.11850188509331017,1.410924148892828,0.028685999410350774,0.24660365331813683,1.1393973030892235,positive,0.06478264378189283,21,tie,False,False
S_C3_Q10,Downloads,adoption_breadth,future_high_like_child_owner_breadth_3m,lift,0.1,6,2.000145724076488,0.5638702276497535,1.4084002109045746,2.5918912372484013,0.0003340196363128833,1.5958927727877847,2.394318146801051,positive,0.006012353453631899,21,win,True,False
S_C3_Q10,Downloads,adoption_breadth,future_cross_owner_reuse_share_3m,lift,0.1,6,1.6697336221734258,0.568046837470341,1.0736050258018484,2.2658622185450032,0.0008050001947660837,1.2580257704808637,2.08521563267438,positive,0.008855002142426922,21,win,True,False
S_C3_Q10,Likes,quantity,future_direct_children_3m,lift,0.1,6,0.6736065899925392,0.14477380930340378,0.5216757947860424,0.825537385199036,9.102739678836714e-05,0.5705888410230404,0.7762215516481253,positive,0.0017295205389789758,21,win,True,False
S_C3_Q10,Likes,quantity,future_active_parent_months_3m,lift,0.1,6,0.4323814687823288,0.08162230952633426,0.3467241081547721,0.5180388294098854,4.846053401302026e-05,0.37308588282035343,0.4897868293608442,positive,0.0010176712142734255,21,win,True,False
S_C3_Q10,Likes,quantity,future_active_parent_binary_3m,auc,0.01,6,0.03408864619977453,0.0432060272104684,-0.011253298613206682,0.07943059101275574,0.11112000491331782,0.0028401472618502046,0.06576253403426935,positive,1.0,21,tie,False,False
S_C3_Q10,Likes,descendant_quality,future_child_download_quality_sum_3m,lift,0.1,6,0.4515555395675632,0.08720836351513618,0.36003597479777466,0.5430751043373517,5.415779830084673e-05,0.3910077318130935,0.5164483177870208,positive,0.0010831559660169346,21,win,True,False
S_C3_Q10,Likes,descendant_quality,future_child_like_quality_sum_3m,lift,0.1,6,0.09489106278252184,0.25964129750874554,-0.17758576841199214,0.36736789397703584,0.41169194310179047,-0.12246652440329053,0.22611453171939724,mixed,1.0,21,tie,False,False
S_C3_Q10,Likes,descendant_quality,future_high_download_child_count_3m,lift,0.1,6,0.1788593003664112,0.26681110576494177,-0.1011417831433756,0.458860383876198,0.1615047990043538,-0.012856726800468713,0.3829555624435828,mixed,1.0,21,tie,False,False
S_C3_Q10,Likes,descendant_quality,future_high_like_child_count_3m,lift,0.1,6,0.1514774860273936,0.3238423041255948,-0.18837416962803985,0.49132914168282704,0.3037581202058861,-0.11655399845512864,0.3343977422835458,mixed,1.0,21,tie,False,False
S_C3_Q10,Likes,descendant_quality,future_nonzero_like_child_share_3m,lift,0.1,6,0.09889229240492788,0.3482497631797961,-0.2665734206612864,0.46435800547114214,0.5176880968477146,-0.1800219735698295,0.3191809969992092,mixed,1.0,21,tie,False,False
S_C3_Q10,Likes,descendant_quality,future_nonzero_download_child_share_3m,lift,0.1,6,0.4675572669169689,0.12342333107323711,0.33803242449403237,0.5970821093399055,0.0002444335767794249,0.37384416860912534,0.5584066733747555,positive,0.004399804382029649,21,win,True,False
S_C3_Q10,Likes,descendant_quality,future_child_download_quality_mean_3m,lift,0.1,6,0.3532583097368223,0.1383832772001778,0.20803396667735038,0.4984826527962942,0.001533468063308603,0.2647371871467801,0.46528027052400917,positive,0.022102723398865327,21,win,True,False
S_C3_Q10,Likes,descendant_quality,future_child_download_quality_median_3m,lift,0.1,6,0.35434150446401524,0.13758718068294423,0.20995261346252528,0.49873039546550524,0.0014735148932576885,0.2664486618838433,0.46389387276788074,positive,0.022102723398865327,21,win,True,False
S_C3_Q10,Likes,descendant_quality,future_child_like_quality_mean_3m,lift,0.1,6,0.02302954131880819,0.2549078090947375,-0.24447979843301104,0.2905388810706274,0.8336139798539363,-0.1935942449902924,0.17349568348575017,mixed,1.0,21,tie,False,False
S_C3_Q10,Likes,descendant_quality,future_child_like_quality_median_3m,lift,0.1,6,0.028729508753663275,0.27669371004198895,-0.2616427318994453,0.31910174940677183,0.8093660653650994,-0.19826776904306934,0.19362789313529363,mixed,1.0,21,tie,False,False
S_C3_Q10,Likes,repropagation,future_child_becomes_parent_share_3m,lift,0.1,3,1.073973548286606,0.25324980571243866,0.44486615543068897,1.703080941142523,0.018034987974002534,0.9238711206919028,1.366366451632973,positive,0.2164198556880304,21,tie,False,False
S_C3_Q10,Likes,repropagation,future_child_future_child_count_mean_3m,lift,0.1,3,0.9630571103391642,0.2092996099663062,0.4431280561736709,1.4829861645046574,0.015381560650002743,0.8176163012562983,1.2029347911865926,positive,0.19996028845003566,21,tie,False,False
S_C3_Q10,Likes,repropagation,future_child_future_child_count_median_3m,lift,0.1,3,1.0212401118009657,0.43880048309931025,-0.06880071618678607,2.111280939788718,0.05638536325277783,0.756744042429526,1.5277570817905417,positive,0.5638536325277783,21,tie,False,False
S_C3_Q10,Likes,repropagation,future_child_second_order_diffusion_share_3m,lift,0.1,3,1.1136116460287584,0.42867966028775134,0.04871233566083144,2.1785109563966856,0.046011979146906676,0.7522699427170227,1.5872677895172576,positive,0.5061317706159735,21,tie,False,False
S_C3_Q10,Likes,adoption_breadth,future_child_owner_breadth_3m,lift,0.1,6,0.36355200627347894,0.1272395404043434,0.2300222977691759,0.49708171477778196,0.0009175051432132655,0.27484349198232727,0.45719407159192715,positive,0.014680082291412247,21,win,True,False
S_C3_Q10,Likes,adoption_breadth,future_high_download_child_owner_breadth_3m,lift,0.1,6,0.15196585028934875,0.23742833541059644,-0.09719990681170892,0.40113160739040643,0.17771514815519596,-0.00958716750895916,0.3340264364195696,mixed,1.0,21,tie,False,False
S_C3_Q10,Likes,adoption_breadth,future_high_like_child_owner_breadth_3m,lift,0.1,6,0.12393566513644531,0.22713171249795594,-0.11442444890951779,0.3622957791824084,0.23895208903782225,-0.058293150504213465,0.265143481368408,mixed,1.0,21,tie,False,False
S_C3_Q10,Likes,adoption_breadth,future_cross_owner_reuse_share_3m,lift,0.1,6,0.30182967842196456,0.08997747115192681,0.2074041134074198,0.3962552434365093,0.0004347330044461336,0.23623296200240773,0.37020077020869757,positive,0.007390461075584271,21,win,True,False
S_C3_Q10,MTPR_time_safe_typed,quantity,future_direct_children_3m,lift,0.1,6,0.3665114816311436,0.2051668458058109,0.15120208151748174,0.5818208817448055,0.007182947250335518,0.21810093626748417,0.5247493954012205,positive,0.11492715600536829,21,tie,False,False
S_C3_Q10,MTPR_time_safe_typed,quantity,future_active_parent_months_3m,lift,0.1,6,0.33181247787302476,0.13371464052071047,0.19148756853471147,0.472137387211338,0.0017418028834296872,0.23668481827038548,0.43294515310750853,positive,0.034836057668593746,21,win,True,False
S_C3_Q10,MTPR_time_safe_typed,quantity,future_active_parent_binary_3m,auc,0.01,6,0.031676161849755656,0.02124337975516472,0.009382602022840972,0.05396972167667034,0.014710490801165033,0.01890537395036135,0.04942634834025925,positive,0.1765258896139804,21,tie,False,False
S_C3_Q10,MTPR_time_safe_typed,descendant_quality,future_child_download_quality_sum_3m,lift,0.1,6,0.24465587084614562,0.11547835730222078,0.12346876705655246,0.3658429746357388,0.00349731475167867,0.15466813414895286,0.3269975709063641,positive,0.06295166553021606,21,tie,False,False
S_C3_Q10,MTPR_time_safe_typed,descendant_quality,future_child_like_quality_sum_3m,lift,0.1,6,0.3037854317165327,0.22337983869774988,0.06936266775289782,0.5382081956801676,0.020752013614331148,0.1520143141428195,0.4754724439157063,positive,0.18440374076858954,21,tie,False,False
S_C3_Q10,MTPR_time_safe_typed,descendant_quality,future_high_download_child_count_3m,lift,0.1,6,0.01869635922838227,0.07065604312358646,-0.05545261059953695,0.09284532905630148,0.5454647815741043,-0.03479628617421201,0.06596337289298959,mixed,1.0,21,tie,False,False
S_C3_Q10,MTPR_time_safe_typed,descendant_quality,future_high_like_child_count_3m,lift,0.1,6,0.3717285174098659,0.2371452866902361,0.12285980172378133,0.6205972330959505,0.012128508206810697,0.21119152642362726,0.559879961868249,positive,0.16979911489534977,21,tie,False,False
S_C3_Q10,MTPR_time_safe_typed,descendant_quality,future_nonzero_like_child_share_3m,lift,0.1,6,0.5103911844053711,0.35897634410472257,0.1336686150223106,0.8871137537884317,0.017608151184480673,0.2627380131457591,0.7899581351001322,positive,0.18440374076858954,21,tie,False,False
S_C3_Q10,MTPR_time_safe_typed,descendant_quality,future_nonzero_download_child_share_3m,lift,0.1,6,0.3616575082288293,0.16830985500880866,0.18502714783685986,0.5382878686207988,0.003289722284628914,0.24220120343539495,0.4878917208635023,positive,0.06250472340794937,21,tie,False,False
S_C3_Q10,MTPR_time_safe_typed,descendant_quality,future_child_download_quality_mean_3m,lift,0.1,6,0.23652808629783864,0.1693009811313311,0.05885760282926222,0.41419856976641506,0.018794446026134042,0.11742928838312983,0.361633604513538,positive,0.18440374076858954,21,tie,False,False
S_C3_Q10,MTPR_time_safe_typed,descendant_quality,future_child_download_quality_median_3m,lift,0.1,6,0.23796229123374468,0.16929950612853523,0.06029335568567121,0.4156312267818182,0.018377206691394806,0.11846014177661994,0.36231035208452783,positive,0.18440374076858954,21,tie,False,False
S_C3_Q10,MTPR_time_safe_typed,descendant_quality,future_child_like_quality_mean_3m,lift,0.1,6,0.4810636995454282,0.33999407789816705,0.12426179684552019,0.8378656022453362,0.017929594693538144,0.2568332518553437,0.7454321103837183,positive,0.18440374076858954,21,tie,False,False
S_C3_Q10,MTPR_time_safe_typed,descendant_quality,future_child_like_quality_median_3m,lift,0.1,6,0.5135493591928846,0.3564922538015349,0.1394336827067092,0.88766503567906,0.01676397643350814,0.2764278970406601,0.7802658106038775,positive,0.18440374076858954,21,tie,False,False
S_C3_Q10,MTPR_time_safe_typed,repropagation,future_child_becomes_parent_share_3m,lift,0.1,3,1.1731434518559218,0.23076587436220677,0.5998892407748293,1.7463976629370144,0.012653631181469878,0.9583725318380747,1.417123120036969,positive,0.16979911489534977,21,tie,False,False
S_C3_Q10,MTPR_time_safe_typed,repropagation,future_child_future_child_count_mean_3m,lift,0.1,3,0.8418165986343604,0.25567381783844617,0.20668762584256284,1.4769455714261581,0.029398773182576828,0.6289356163509998,1.125402133919648,positive,0.18440374076858954,21,tie,False,False
S_C3_Q10,MTPR_time_safe_typed,repropagation,future_child_future_child_count_median_3m,lift,0.1,3,0.9693569020992149,0.2753026091788881,0.2854673085031514,1.6532464956952784,0.02584845221649573,0.6926392988291834,1.2432223554199346,positive,0.18440374076858954,21,tie,False,False
S_C3_Q10,MTPR_time_safe_typed,repropagation,future_child_second_order_diffusion_share_3m,lift,0.1,3,0.6342614507574703,0.26025415866111684,-0.012245719404452071,1.2807686209193927,0.05180044803203838,0.44305186099645866,0.9306432281035342,positive,0.18440374076858954,21,tie,False,False
S_C3_Q10,MTPR_time_safe_typed,adoption_breadth,future_child_owner_breadth_3m,lift,0.1,6,0.2469934575790611,0.09226357413865302,0.1501687746137732,0.343818140544349,0.0012362266061291297,0.18338465236083165,0.31654021042127156,positive,0.025960758728711723,21,win,True,False
S_C3_Q10,MTPR_time_safe_typed,adoption_breadth,future_high_download_child_owner_breadth_3m,lift,0.1,6,0.029746524310268214,0.11804948154005714,-0.09413880888911083,0.15363185750964725,0.5641028125867511,-0.05030676865522595,0.12159354490583628,mixed,1.0,21,tie,False,False
S_C3_Q10,MTPR_time_safe_typed,adoption_breadth,future_high_like_child_owner_breadth_3m,lift,0.1,6,0.4163229668286079,0.23567288207121265,0.16899944502607406,0.6636464886311417,0.007519984565525065,0.25875024267887436,0.6026153909616346,positive,0.11492715600536829,21,tie,False,False
S_C3_Q10,MTPR_time_safe_typed,adoption_breadth,future_cross_owner_reuse_share_3m,lift,0.1,6,0.31448549584497415,0.16837622194046833,0.1377854876296105,0.4911855040603378,0.005974362334593415,0.20137841125324477,0.4438856918836453,positive,0.10156415968808806,21,tie,False,False
S_C3_Q10,Simplified_MTPR_time_safe_typed,quantity,future_direct_children_3m,lift,0.1,6,0.49885413043966254,0.22888817995407426,0.2586507168449314,0.7390575440343936,0.0030928478554797917,0.3201421591301674,0.6602203542641455,positive,0.04366767457397881,21,win,True,False
S_C3_Q10,Simplified_MTPR_time_safe_typed,quantity,future_active_parent_months_3m,lift,0.1,6,0.46337422440658466,0.15860770494759097,0.29692564607247607,0.6298228027406932,0.0008280634142455903,0.35845200658713805,0.5777335536604121,positive,0.015733204870666217,21,win,True,False
S_C3_Q10,Simplified_MTPR_time_safe_typed,quantity,future_active_parent_binary_3m,auc,0.01,6,0.025188428975005395,0.006943812772330294,0.017901344374957044,0.032475513575053745,0.0003004056997277303,0.019479403392398602,0.029406392180213847,positive,0.006308519694282337,21,win,True,False
S_C3_Q10,Simplified_MTPR_time_safe_typed,descendant_quality,future_child_download_quality_sum_3m,lift,0.1,6,0.31064999579861546,0.1385155445631457,0.16528684665444995,0.456013144942781,0.0027292296608736758,0.2043719097545964,0.3958096253867703,positive,0.04366767457397881,21,win,True,False
S_C3_Q10,Simplified_MTPR_time_safe_typed,descendant_quality,future_child_like_quality_sum_3m,lift,0.1,6,0.38459928483512096,0.2443193501974214,0.128201851221719,0.6409967184485229,0.011929441335125588,0.21439330375203122,0.5748434761282267,positive,0.09506801941072146,21,tie,False,False
S_C3_Q10,Simplified_MTPR_time_safe_typed,descendant_quality,future_high_download_child_count_3m,lift,0.1,6,0.03788139727534993,0.1290024268880224,-0.09749834713401678,0.17326114168471662,0.5041676467946359,-0.06120742401863407,0.12179852295434361,mixed,0.9124441381425193,21,tie,False,False
S_C3_Q10,Simplified_MTPR_time_safe_typed,descendant_quality,future_high_like_child_count_3m,lift,0.1,6,0.4593469208638706,0.2751679933216837,0.17057582171343555,0.7481180200143056,0.009455951950022195,0.26148231173093,0.6593023209844461,positive,0.09455951950022196,21,tie,False,False
S_C3_Q10,Simplified_MTPR_time_safe_typed,descendant_quality,future_nonzero_like_child_share_3m,lift,0.1,6,0.6701550346668462,0.46315346947971736,0.18410527705335378,1.1562047922803387,0.01648767998342587,0.3425815643836044,1.0075917789274664,positive,0.09506801941072146,21,tie,False,False
S_C3_Q10,Simplified_MTPR_time_safe_typed,descendant_quality,future_nonzero_download_child_share_3m,lift,0.1,6,0.48863919849936405,0.1918578204548092,0.28729676392132253,0.6899816330774056,0.001549479534406231,0.35900954783005407,0.633486149071795,positive,0.026687567851168045,21,win,True,False
S_C3_Q10,Simplified_MTPR_time_safe_typed,descendant_quality,future_child_download_quality_mean_3m,lift,0.1,6,0.33214494662473687,0.2045769965972715,0.11745455529268067,0.5468353379567931,0.01056311326785794,0.18839823687533372,0.4791221548161542,positive,0.09506801941072146,21,tie,False,False
S_C3_Q10,Simplified_MTPR_time_safe_typed,descendant_quality,future_child_download_quality_median_3m,lift,0.1,6,0.3334601939242437,0.2056778752838324,0.11761450126330858,0.5493058865851788,0.010622462940149225,0.18878738250678903,0.4902014620051029,positive,0.09506801941072146,21,tie,False,False
S_C3_Q10,Simplified_MTPR_time_safe_typed,descendant_quality,future_child_like_quality_mean_3m,lift,0.1,6,0.6413590774260586,0.417104721375156,0.20363451724608556,1.0790836376060315,0.013070575023766169,0.3433440796051142,0.9503114365669196,positive,0.09506801941072146,21,tie,False,False
S_C3_Q10,Simplified_MTPR_time_safe_typed,descendant_quality,future_child_like_quality_median_3m,lift,0.1,6,0.6873489726520207,0.4351410053211583,0.23069649328782904,1.1440014520162123,0.01176960762329483,0.3763023581822784,1.0054941791235048,positive,0.09506801941072146,21,tie,False,False
S_C3_Q10,Simplified_MTPR_time_safe_typed,repropagation,future_child_becomes_parent_share_3m,lift,0.1,3,1.4938892404964532,0.09974258469140244,1.2461149244001597,1.7416635565927467,0.0014826426583982248,1.3992238964835888,1.598032454509771,positive,0.026687567851168045,21,win,True,False
S_C3_Q10,Simplified_MTPR_time_safe_typed,repropagation,future_child_future_child_count_mean_3m,lift,0.1,3,1.0334156476511067,0.16344608379429096,0.6273930670648356,1.4394382282373779,0.008235441405465914,0.91836738978522,1.220506539603,positive,0.09058985546012505,21,tie,False,False
S_C3_Q10,Simplified_MTPR_time_safe_typed,repropagation,future_child_future_child_count_median_3m,lift,0.1,3,1.2422835249041786,0.11309164046668348,0.961348315940662,1.5232187338676952,0.0027510802015506355,1.1255388605974197,1.351328647195582,positive,0.04366767457397881,21,win,True,False
S_C3_Q10,Simplified_MTPR_time_safe_typed,repropagation,future_child_second_order_diffusion_share_3m,lift,0.1,3,0.7082463703692872,0.24794160750801597,0.09232527285425862,1.3241674678843158,0.03850738937911498,0.4409077193103492,0.9306432281035324,positive,0.11552216813734494,21,tie,False,False
S_C3_Q10,Simplified_MTPR_time_safe_typed,adoption_breadth,future_child_owner_breadth_3m,lift,0.1,6,0.34203284065298095,0.10355104876715342,0.23336267952812303,0.45070300177783884,0.0004674973409019651,0.27111893093297484,0.4198638134374808,positive,0.009349946818039303,21,win,True,False
S_C3_Q10,Simplified_MTPR_time_safe_typed,adoption_breadth,future_high_download_child_owner_breadth_3m,lift,0.1,6,0.0569093529950242,0.1726963658401246,-0.12432436819811796,0.23814307418816635,0.4562220690712597,-0.08074668023974614,0.17588230061410207,mixed,0.9124441381425193,21,tie,False,False
S_C3_Q10,Simplified_MTPR_time_safe_typed,adoption_breadth,future_high_like_child_owner_breadth_3m,lift,0.1,6,0.5171253862123495,0.2860258014483537,0.21695971624263466,0.8172910561820643,0.006836996183343622,0.31429752394613736,0.7291984539017117,positive,0.08204395420012346,21,tie,False,False
S_C3_Q10,Simplified_MTPR_time_safe_typed,adoption_breadth,future_cross_owner_reuse_share_3m,lift,0.1,6,0.4418208064926204,0.2154715553303878,0.2156972769450919,0.6679443360401489,0.004026040606767056,0.29384186324824846,0.611977745530233,positive,0.05233852788797173,21,tie,False,False
S_C3_Q10,No-Propagation ModelRank,quantity,future_direct_children_3m,lift,0.1,6,0.44463843175385437,0.22984338336142326,0.20343259366010114,0.6858442698476076,0.005156467108689476,0.26359568268561734,0.5981450446336725,positive,0.07734700663034215,21,tie,False,False
S_C3_Q10,No-Propagation ModelRank,quantity,future_active_parent_months_3m,lift,0.1,6,0.3997790680835028,0.16157745698188877,0.23021392612294844,0.5693442100440571,0.0017648830768596442,0.28864807329592684,0.5210450358862514,positive,0.0317678953834736,21,win,True,False
S_C3_Q10,No-Propagation ModelRank,quantity,future_active_parent_binary_3m,auc,0.01,6,0.02324112834145046,0.0066752148256753645,0.016235919999424673,0.03024633668347625,0.0003647775967048631,0.017850807104080806,0.027368288576370654,positive,0.007660329530802125,21,win,True,False
S_C3_Q10,No-Propagation ModelRank,descendant_quality,future_child_download_quality_sum_3m,lift,0.1,6,0.2647858249115709,0.14187051183977661,0.1159018535366241,0.4136697962865177,0.005992578417557932,0.14927672312889576,0.3545568088315881,positive,0.08389609784581105,21,tie,False,False
S_C3_Q10,No-Propagation ModelRank,descendant_quality,future_child_like_quality_sum_3m,lift,0.1,6,0.3439985740338083,0.22412465882608196,0.10879416928218982,0.5792029787854267,0.013162825735779109,0.18929632433157542,0.5192603783758519,positive,0.1056465562774589,21,tie,False,False
S_C3_Q10,No-Propagation ModelRank,descendant_quality,future_high_download_child_count_3m,lift,0.1,6,-0.0166877876955069,0.11932374261827351,-0.1419103758848985,0.10853480049388468,0.7458544094545514,-0.11070632319738478,0.06264536064607502,mixed,1.0,21,tie,False,False
S_C3_Q10,No-Propagation ModelRank,descendant_quality,future_high_like_child_count_3m,lift,0.1,6,0.40971369417653886,0.2523629734856648,0.14487499561055694,0.6745523927425208,0.010564655627745891,0.22399512555832493,0.5954322627947527,positive,0.1056465562774589,21,tie,False,False
S_C3_Q10,No-Propagation ModelRank,descendant_quality,future_nonzero_like_child_share_3m,lift,0.1,6,0.6055793969371713,0.430876104891439,0.15340265608453485,1.057756137789808,0.018382514407776954,0.29645802235554575,0.9179473663180416,positive,0.11029508644666172,21,tie,False,False
S_C3_Q10,No-Propagation ModelRank,descendant_quality,future_nonzero_download_child_share_3m,lift,0.1,6,0.43892434045166057,0.18748665400105985,0.24216916373810132,0.6356795171652199,0.002258437753556353,0.31178858351681643,0.5834467647583553,positive,0.038393441810458,21,win,True,False
S_C3_Q10,No-Propagation ModelRank,descendant_quality,future_child_download_quality_mean_3m,lift,0.1,6,0.2744921962005844,0.20037138954418482,0.0642153187974353,0.4847690736037335,0.020204824319567872,0.12910596184283674,0.41987843055833207,positive,0.11029508644666172,21,tie,False,False
S_C3_Q10,No-Propagation ModelRank,descendant_quality,future_child_download_quality_median_3m,lift,0.1,6,0.2760240888737944,0.2019586770092661,0.06408145543402888,0.48796672231356,0.02037769985539788,0.12919503494339094,0.4295864253020009,positive,0.11029508644666172,21,tie,False,False
S_C3_Q10,No-Propagation ModelRank,descendant_quality,future_child_like_quality_mean_3m,lift,0.1,6,0.5815702761254705,0.3790129494995895,0.18382057893850445,0.9793199733124366,0.013176768999688364,0.30600265846846275,0.8639002226357958,positive,0.1056465562774589,21,tie,False,False
S_C3_Q10,No-Propagation ModelRank,descendant_quality,future_child_like_quality_median_3m,lift,0.1,6,0.6245231397057434,0.39267219191778346,0.2124389467111455,1.036607332700341,0.01145797013171172,0.3385774622977009,0.9104688171137858,positive,0.1056465562774589,21,tie,False,False
S_C3_Q10,No-Propagation ModelRank,repropagation,future_child_becomes_parent_share_3m,lift,0.1,3,1.4504179149111456,0.08844102614175575,1.2307182266092358,1.6701176032130554,0.0012370678512884296,1.3608889952100656,1.5377293430188352,positive,0.023504289174480164,21,win,True,False
S_C3_Q10,No-Propagation ModelRank,repropagation,future_child_future_child_count_mean_3m,lift,0.1,3,0.9997381554545841,0.16375234193133795,0.5929547874805536,1.4065215234286146,0.008824754960306972,0.9029451488725719,1.188805071041882,positive,0.09707230456337669,21,tie,False,False
S_C3_Q10,No-Propagation ModelRank,repropagation,future_child_future_child_count_median_3m,lift,0.1,3,1.2422835249041786,0.11309164046668348,0.961348315940662,1.5232187338676952,0.0027510802015506355,1.1255388605974197,1.351328647195582,positive,0.04401728322481017,21,win,True,False
S_C3_Q10,No-Propagation ModelRank,repropagation,future_child_second_order_diffusion_share_3m,lift,0.1,3,0.6787095796361905,0.24517340337052526,0.06966508241284064,1.2877540768595404,0.040850071334129344,0.440907719310351,0.9306432281035324,positive,0.12255021400238802,21,tie,False,False
S_C3_Q10,No-Propagation ModelRank,adoption_breadth,future_child_owner_breadth_3m,lift,0.1,6,0.2950122717313605,0.10634676024733826,0.18340819134033026,0.4066163521223908,0.0010507607320045026,0.22284225670487579,0.37382840495236175,positive,0.02101521464009005,21,win,True,False
S_C3_Q10,No-Propagation ModelRank,adoption_breadth,future_high_download_child_owner_breadth_3m,lift,0.1,6,-0.006546159791343357,0.17655274688963102,-0.19182690469885702,0.17873458511617032,0.931160775155712,-0.1388776560724363,0.12589904308163877,mixed,1.0,21,tie,False,False
S_C3_Q10,No-Propagation ModelRank,adoption_breadth,future_high_like_child_owner_breadth_3m,lift,0.1,6,0.4601479143390726,0.26411154184898605,0.1829798494148669,0.7373159792632783,0.007956808234288786,0.2762484535152369,0.6566671571523394,positive,0.09548169881146543,21,tie,False,False
S_C3_Q10,No-Propagation ModelRank,adoption_breadth,future_cross_owner_reuse_share_3m,lift,0.1,6,0.3854736728200783,0.21057347728845463,0.16449036093674638,0.6064569847034101,0.006494603190587,0.24606354997851634,0.5466612297851648,positive,0.084429841477631,21,tie,False,False
S_C3_Q10,EventValue_time_safe_typed,quantity,future_direct_children_3m,lift,0.1,6,1.8646625948550943,0.5954293334197924,1.239797831324855,2.4895273583853337,0.0005999008541360718,1.4107049209327513,2.275163155856146,positive,0.008398611957905006,21,win,True,False
S_C3_Q10,EventValue_time_safe_typed,quantity,future_active_parent_months_3m,lift,0.1,6,2.362749122950797,0.7052081238923673,1.622678584193964,3.1028196617076302,0.000437225384051212,1.8545959483813637,2.8709022975202303,positive,0.00655838076076818,21,win,True,False
S_C3_Q10,EventValue_time_safe_typed,quantity,future_active_parent_binary_3m,auc,0.01,6,0.17046322559108426,0.037928092280483966,0.13066013379868063,0.2102663173834879,0.00010762927726308324,0.14324542741814614,0.19812868104263245,positive,0.0019373269907354985,21,win,True,False
S_C3_Q10,EventValue_time_safe_typed,descendant_quality,future_child_download_quality_sum_3m,lift,0.1,6,1.4718150125095277,0.4728990114404194,0.9755379358323728,1.9680920891866827,0.0006174427798680171,1.1179214288259083,1.7954811919273028,positive,0.008398611957905006,21,win,True,False
S_C3_Q10,EventValue_time_safe_typed,descendant_quality,future_child_like_quality_sum_3m,lift,0.1,6,1.722717458657021,0.7858844605121993,0.8979822969550908,2.5474526203589516,0.003016030008533313,1.1406943055694505,2.271894990118266,positive,0.022378931521030612,21,win,True,False
S_C3_Q10,EventValue_time_safe_typed,descendant_quality,future_high_download_child_count_3m,lift,0.1,6,0.385285096338283,0.2503780665984894,0.12252942980157794,0.648040762874988,0.01303219292347753,0.21770663054547826,0.5771403450480167,positive,0.06516096461738766,21,tie,False,False
S_C3_Q10,EventValue_time_safe_typed,descendant_quality,future_high_like_child_count_3m,lift,0.1,6,1.7797942074346451,0.7124678298977718,1.0321050744605738,2.5274833404087165,0.001690515632271919,1.197656224512517,2.192235183678915,positive,0.01690515632271919,21,win,True,False
S_C3_Q10,EventValue_time_safe_typed,descendant_quality,future_nonzero_like_child_share_3m,lift,0.1,6,2.4577028450304277,0.4406385686727298,1.9952810267525107,2.9201246633083446,3.7677341050146734e-05,2.1699581946886908,2.7919473884209824,positive,0.000715869479952788,21,win,True,False
S_C3_Q10,EventValue_time_safe_typed,descendant_quality,future_nonzero_download_child_share_3m,lift,0.1,6,2.2883286127618128,0.7440778218444231,1.5074668276621006,3.069190397861525,0.0006527340078332809,1.7349316395925525,2.8274270646596755,positive,0.008398611957905006,21,win,True,False
S_C3_Q10,EventValue_time_safe_typed,descendant_quality,future_child_download_quality_mean_3m,lift,0.1,6,1.9096677522054895,0.8336640351959617,1.034791001971347,2.7845445024396316,0.002486547946781179,1.3039626372238755,2.4913149220966537,positive,0.022378931521030612,21,win,True,False
S_C3_Q10,EventValue_time_safe_typed,descendant_quality,future_child_download_quality_median_3m,lift,0.1,6,1.911348308454211,0.8372348091738913,1.0327242607456162,2.789972356162806,0.002524034254531449,1.2970318758488324,2.5127658435150826,positive,0.022378931521030612,21,win,True,False
S_C3_Q10,EventValue_time_safe_typed,descendant_quality,future_child_like_quality_mean_3m,lift,0.1,6,2.735594077874263,0.3963494631990782,2.3196508253395085,3.1515373304090173,1.3240833458396019e-05,2.437115858132365,3.014571579319746,positive,0.00026481666916792037,21,win,True,False
S_C3_Q10,EventValue_time_safe_typed,descendant_quality,future_child_like_quality_median_3m,lift,0.1,6,2.821698143931792,0.36309866525692397,2.4406494638125142,3.2027468240510695,7.374617429404111e-06,2.5545089482988375,3.072753662903725,positive,0.00015486696601748633,21,win,True,False
S_C3_Q10,EventValue_time_safe_typed,repropagation,future_child_becomes_parent_share_3m,lift,0.1,3,5.252787040855531,1.0706684849531303,2.5930990806338294,7.912475001077233,0.013567509018571915,4.4955699137062055,6.477739312054717,positive,0.06516096461738766,21,tie,False,False
S_C3_Q10,EventValue_time_safe_typed,repropagation,future_child_future_child_count_mean_3m,lift,0.1,3,5.552748591675688,1.453342991269504,1.9424444589998227,9.163052724351553,0.022081368250371543,4.407755887691262,7.187765358125437,positive,0.06624410475111463,21,tie,False,False
S_C3_Q10,EventValue_time_safe_typed,repropagation,future_child_future_child_count_median_3m,lift,0.1,3,5.979960409845361,1.923890306811476,1.2007519454832867,10.759168874207436,0.03281314758105625,4.718605223273796,8.194333438694724,positive,0.06624410475111463,21,tie,False,False
S_C3_Q10,EventValue_time_safe_typed,repropagation,future_child_second_order_diffusion_share_3m,lift,0.1,3,5.6538868379415375,1.6914602029258106,1.4520667599807364,9.855706915902338,0.02856178102344925,4.509965003500529,7.596840003717321,positive,0.06624410475111463,21,tie,False,False
S_C3_Q10,EventValue_time_safe_typed,adoption_breadth,future_child_owner_breadth_3m,lift,0.1,6,1.898191972056992,0.551684724885191,1.3192343597762615,2.4771495843377225,0.00038574962253884996,1.484619306960069,2.2748678840468983,positive,0.006171993960621599,21,win,True,False
S_C3_Q10,EventValue_time_safe_typed,adoption_breadth,future_high_download_child_owner_breadth_3m,lift,0.1,6,0.3982729623109223,0.24508619719928657,0.14107077212341562,0.655475152498429,0.010525489097975481,0.23051777813314178,0.5843341380891417,positive,0.06315293458785289,21,tie,False,False
S_C3_Q10,EventValue_time_safe_typed,adoption_breadth,future_high_like_child_owner_breadth_3m,lift,0.1,6,2.006249853872942,0.5399244277853281,1.439633916504573,2.572865791241311,0.0002679636942504148,1.6031164339003219,2.379058896581498,positive,0.004555382802257051,21,win,True,False
S_C3_Q10,EventValue_time_safe_typed,adoption_breadth,future_cross_owner_reuse_share_3m,lift,0.1,6,2.502473658865838,0.9074382815729649,1.5501755851772012,3.454771732554475,0.0010795383914129941,1.8575910321925688,3.1407229932083087,positive,0.011874922305542936,21,win,True,False
