download_band,deriv_band,n,n_hi,n_lo,median_score,mr_hi_desc_count_mean,mr_lo_desc_count_mean,mr_hi_desc_count_median,mr_lo_desc_count_median,desc_count_u_stat,desc_count_p_value,desc_count_effect_r,mr_hi_desc_depth_mean,mr_lo_desc_depth_mean,mr_hi_desc_depth_median,mr_lo_desc_depth_median,desc_depth_u_stat,desc_depth_p_value,desc_depth_effect_r,mr_hi_active_months_mean,mr_lo_active_months_mean,mr_hi_active_months_median,mr_lo_active_months_median,active_months_u_stat,active_months_p_value,active_months_effect_r,mr_hi_type_diversity_mean,mr_lo_type_diversity_mean,mr_hi_type_diversity_median,mr_lo_type_diversity_median,type_diversity_u_stat,type_diversity_p_value,type_diversity_effect_r,favorable_metrics
1-2,1,9142,4571,4571,0.516111928676374,5.172391161671407,5.426383723474076,1.0,1.0,10543449.0,0.06277732821636352,0.009230239377820748,1.4427915117042223,1.4511047910741632,1.0,1.0,10541985.5,0.06568515955525243,0.00909015158915416,1.0,1.0,1.0,1.0,10447020.5,1.0,0.0,1.0,1.0,1.0,1.0,10447020.5,1.0,0.0,0
1-2,2,3232,1616,1616,0.7312296576876363,47.82611386138614,15.60210396039604,2.0,2.0,1335830.5,0.04125998069053173,0.023054188927556174,3.036509900990099,1.9053217821782178,1.0,1.0,1336555.0,0.03766244016753756,0.023609051808646253,1.1516089108910892,1.1800742574257426,1.0,1.0,1268560.0,0.9851906742311525,0.02846534653465349,1.1887376237623761,1.1330445544554455,1.0,1.0,1378448.0,8.242117488934902e-06,0.05569306930693063,3
1-2,3-4,1606,803,803,0.8378975677358124,16.29140722291407,7.927770859277708,4.0,4.0,331787.0,0.14047147458142856,0.029101640951041396,2.1220423412204235,1.7820672478206725,1.0,1.0,330433.0,0.15323097367169303,0.024901947708546146,1.4769613947696139,1.352428393524284,1.0,1.0,355841.0,1.0265274711603489e-05,0.1037097807257652,1.4009962640099627,1.3449564134495642,1.0,1.0,341036.0,0.00817270578427367,0.057789205795824916,4
1-2,5-8,401,201,200,0.9063058719205336,37.86069651741293,22.66,10.0,8.0,23723.0,0.000822754151679434,0.18024875621890546,2.9651741293532337,2.4,2.0,1.0,23557.0,0.0008210807313610035,0.17199004975124388,2.0248756218905473,1.64,2.0,1.0,24850.5,5.429358874653551e-06,0.23634328358208956,1.7761194029850746,1.465,2.0,1.0,25570.5,6.088319629208422e-08,0.27216417910447754,4
1-2,9+,326,163,163,0.5399897538570827,79.06748466257669,23.447852760736197,21.0,9.0,19915.5,5.147378280735925e-16,0.4991531484060372,3.5276073619631902,1.4233128834355828,2.0,1.0,18117.0,8.185010517046963e-11,0.36376980691783656,2.521472392638037,1.4049079754601228,2.0,1.0,19346.5,4.2534212645468374e-15,0.4563212766758251,1.656441717791411,1.2269938650306749,2.0,1.0,18067.5,2.51997864780694e-11,0.3600436599043999,4
3,1,2418,1209,1209,0.8646746655479169,2.3010752688172045,2.0157154673283704,1.0,1.0,782219.5,4.4274453409417917e-10,0.0703012490413435,1.382133995037221,1.1927212572373862,1.0,1.0,782403.5,3.845254991046574e-10,0.07055301396132263,1.0,1.0,1.0,1.0,730840.5,1.0,0.0,1.0,1.0,1.0,1.0,730840.5,1.0,0.0,2
3,2,807,404,403,0.9559125554130344,12.165841584158416,4.158808933002481,2.0,2.0,75714.0,0.9986691668151245,0.06992113603419892,1.4975247524752475,1.4267990074441688,1.0,1.0,75696.5,0.9987148227231295,0.07013610790359437,1.1658415841584158,1.228287841191067,1.0,1.0,76322.5,0.9870868517582319,0.062446257032651165,1.1064356435643565,1.1290322580645162,1.0,1.0,79566.5,0.8402696241967003,0.022596614500159706,2
3,3-4,349,175,174,1.2718693818880211,20.354285714285716,10.60344827586207,4.0,3.0,15624.5,0.3247810246722447,0.02623973727422002,2.2457142857142856,1.8505747126436782,1.0,1.0,15188.5,0.5185281229629441,0.00239737274220031,1.6114285714285714,1.5459770114942528,2.0,1.0,15777.5,0.25559535228509356,0.03628899835796395,1.44,1.4655172413793103,1.0,1.0,15037.5,0.5912551526226079,0.012315270935960632,3
3,5-8,155,78,77,1.467030574806688,64.52564102564102,69.75324675324676,11.5,8.0,3534.0,0.02828625053972158,0.17682317682317672,4.012820512820513,3.038961038961039,2.0,2.0,3536.0,0.024063142237964203,0.17748917748917759,2.3461538461538463,1.8051948051948052,2.0,2.0,4016.5,6.605544761744042e-05,0.33749583749583745,1.8076923076923077,1.5974025974025974,2.0,2.0,3595.0,0.006604956602547371,0.19713619713619712,3
4,1,1957,979,978,1.021076789779177,1.7446373850868233,7.848670756646217,1.0,1.0,477594.0,0.5633489708135669,0.0023750289828734505,1.4269662921348314,1.6411042944785277,1.0,1.0,477551.5,0.565706257497959,0.0024638053520661396,1.0,1.0,1.0,1.0,478731.0,1.0,0.0,1.0,1.0,1.0,1.0,478731.0,1.0,0.0,0
4,2,926,463,463,1.390285742266661,37.084233261339094,18.50107991360691,2.0,2.0,109057.0,0.2441265570911248,0.01746987670791955,2.961123110151188,1.939524838012959,1.0,1.0,109178.0,0.23023852366027936,0.018598771277563486,1.1684665226781858,1.2159827213822894,1.0,1.0,102091.5,0.9666654958560669,0.04751619870410362,1.1857451403887689,1.1922246220302375,1.0,1.0,106490.0,0.5994268140223111,0.006479481641468721,2
4,3-4,451,226,225,1.4967717267568068,22.579646017699115,13.44,4.0,4.0,24026.0,0.8585738157127483,0.055024582104228115,1.9955752212389382,2.0844444444444443,1.0,1.0,23984.0,0.8894079792003313,0.05667649950835796,1.6592920353982301,1.568888888888889,2.0,1.0,27416.5,0.055247839827062585,0.07832841691248782,1.4026548672566372,1.4622222222222223,1.0,1.0,23810.5,0.9129886703898634,0.0635004916420846,2
4,5-8,191,96,95,1.586989766770515,76.0,38.37894736842105,11.5,9.0,5189.0,0.04942145989319152,0.13793859649122808,4.0,3.2421052631578946,2.0,2.0,5081.0,0.08044299151876705,0.11425438596491233,2.3958333333333335,1.8105263157894738,2.0,2.0,5882.5,0.00014406686329919912,0.29002192982456143,1.8958333333333333,1.6210526315789473,2.0,2.0,5681.0,0.00034942911800003856,0.24583333333333335,4
4,9+,105,53,52,1.7515376550881805,110.49056603773585,73.03846153846153,31.0,21.5,1618.0,0.062275229926047476,0.1741654571843252,4.735849056603773,3.1538461538461537,3.0,2.0,1746.0,0.007856875879806564,0.26705370101596526,3.4716981132075473,2.576923076923077,3.0,2.0,1836.5,0.0013792490781966292,0.33272859216255446,2.056603773584906,1.5961538461538463,2.0,2.0,1826.0,0.0008694249847416486,0.32510885341074025,4
5-7,1,2644,1322,1322,1.244229173942679,2.5688350983358545,5.1006051437216335,1.0,1.0,835868.5,0.9998729550082481,0.04345579635677843,1.275340393343419,1.7677760968229954,1.0,1.0,834828.5,0.9999145927249167,0.0446459428592354,1.0,1.0,1.0,1.0,873842.0,1.0,0.0,1.0,1.0,1.0,1.0,873842.0,1.0,0.0,0
5-7,2,1471,736,735,1.6152852961064936,4.991847826086956,20.35918367346939,2.0,2.0,234222.0,0.9999999999998741,0.13405057675244014,1.2173913043478262,2.293877551020408,1.0,1.0,233998.5,0.9999999999999115,0.13487688553682342,1.2065217391304348,1.2748299319727892,1.0,1.0,252004.0,0.9989056551388629,0.06830819284235434,1.0896739130434783,1.2054421768707484,1.0,1.0,239167.0,0.99999999980545,0.11576826382727001,0
5-7,3-4,1038,519,519,1.7333287955430325,17.4990366088632,23.0616570327553,4.0,4.0,126602.5,0.9610850564410143,0.05997898730699691,2.159922928709056,2.8073217726396917,1.0,1.0,122369.0,0.9983148349110395,0.09141263954321521,1.7283236994219653,1.581888246628131,2.0,1.0,149859.0,0.00025974762405752067,0.11270005680109585,1.393063583815029,1.4527938342967244,1.0,1.0,127878.0,0.9503885521676089,0.05050842549589585,1
5-7,5-8,452,226,226,2.019464772896314,66.81858407079646,58.402654867256636,9.0,9.0,23490.0,0.9308137784557804,0.0801942203774767,3.5707964601769913,3.9690265486725664,2.0,2.0,23554.0,0.930261790765119,0.0776881509906806,2.438053097345133,1.9955752212389382,2.0,2.0,32083.5,3.857945478459521e-07,0.256304330801159,1.8495575221238938,1.7345132743362832,2.0,2.0,27817.0,0.030135511028792774,0.08923956457044402,3
5-7,9+,274,137,137,2.1137653999820682,166.007299270073,75.72262773722628,46.0,24.0,10906.0,0.010152323732347422,0.16212904257019556,5.591240875912408,3.605839416058394,3.0,2.0,11512.5,0.00047207849691915655,0.22675688635516011,3.7226277372262775,2.605839416058394,3.0,2.0,13262.0,9.089783446285425e-10,0.41318130960626576,2.0437956204379564,1.7226277372262773,2.0,2.0,11821.0,1.4309692207259368e-05,0.25963024135542656,4
8-16,1,2104,1052,1052,1.8381703496039972,3.849809885931559,3.3802281368821294,1.0,1.0,539299.0,0.9885588933542364,0.025396131214850626,1.1226235741444868,1.320342205323194,1.0,1.0,539044.0,0.9897473738576468,0.02585695904234553,1.0,1.0,1.0,1.0,553352.0,1.0,0.0,1.0,1.0,1.0,1.0,553352.0,1.0,0.0,1
8-16,2,1371,686,685,2.1350861939280152,3.629737609329446,10.037956204379562,2.0,2.0,219249.0,0.9999702458788372,0.06684684301249177,1.161807580174927,1.6496350364963503,1.0,1.0,218974.0,0.9999780925734827,0.06801727990466255,1.2099125364431487,1.2277372262773723,1.0,1.0,230767.0,0.7875557987977104,0.017824689834223584,1.1049562682215743,1.14014598540146,1.0,1.0,226687.0,0.9764942452228897,0.035189717179885505,0
8-16,3-4,1065,533,532,2.316919434524487,17.037523452157597,33.37593984962406,4.0,4.0,125224.0,0.9997753629813269,0.11676000507836193,1.8105065666041276,2.8176691729323307,1.0,1.0,122693.0,0.9999978489140612,0.1346118579751442,1.823639774859287,1.7330827067669172,2.0,2.0,152132.0,0.01214236185736219,0.07302966609770212,1.3489681050656661,1.4360902255639099,1.0,1.0,129534.5,0.998125525103858,0.0863568395660822,1
8-16,5-8,529,265,264,2.668753936130622,42.13962264150943,111.02651515151516,8.0,12.5,24502.5,0.9999999989685042,0.29952830188679247,2.920754716981132,5.136363636363637,2.0,2.0,25572.5,0.9999999865845453,0.2689393939393939,2.732075471698113,2.393939393939394,3.0,2.0,40366.0,0.0007570803344885725,0.15397369925671822,1.8226415094339623,1.8522727272727273,2.0,2.0,34037.5,0.7287615248326093,0.026943967981703842,1
8-16,9+,445,223,222,2.8985316490282216,193.48430493273543,231.6891891891892,50.0,48.0,24767.0,0.4960290064465517,0.0005655880095341015,5.7757847533632285,6.981981981981982,4.0,4.0,23710.5,0.780835676050772,0.04211610713852865,4.345291479820628,3.1981981981981984,4.0,3.0,33219.0,1.1373247567978945e-10,0.342019149194037,2.304932735426009,2.036036036036036,2.0,2.0,29540.5,3.1262856782898636e-05,0.19341089968892655,2
17-43,1,1450,725,725,2.800596059838819,1.0855172413793104,1.6220689655172413,1.0,1.0,260967.0,0.7321371837651884,0.007022116527942934,1.0510344827586207,1.0882758620689654,1.0,1.0,260954.5,0.7335544945440674,0.007069678953626646,1.0,1.0,1.0,1.0,262812.5,1.0,0.0,1.0,1.0,1.0,1.0,262812.5,1.0,0.0,0
17-43,2,844,422,422,3.1456139241469154,3.248815165876777,2.3483412322274884,2.0,2.0,90265.5,0.23062712996083012,0.013740706632825006,1.1563981042654028,1.1161137440758293,1.0,1.0,90141.5,0.25388621088696006,0.012348105388468422,1.1990521327014219,1.2440758293838863,1.0,1.0,85033.0,0.942261861217907,0.04502369668246442,1.085308056872038,1.0734597156398105,1.0,1.0,90097.0,0.2624011492215806,0.011848341232227444,3
17-43,3-4,598,299,299,3.310328370608148,7.444816053511706,6.62876254180602,4.0,3.0,44050.0,0.6314305426040299,0.014552409928300536,1.4448160535117056,1.5150501672240804,1.0,1.0,40661.5,0.9954232589196711,0.09035693113052423,1.8160535117056855,1.7792642140468227,2.0,2.0,45679.0,0.3066733909165599,0.021890135457097726,1.3478260869565217,1.3612040133779264,1.0,1.0,44401.0,0.5684828232503145,0.006700148767910918,2
17-43,5-8,341,171,170,3.6441753328461566,13.467836257309942,52.63529411764706,7.0,8.0,12067.5,0.9969270574993103,0.1697626418988648,1.6783625730994152,3.2176470588235295,1.0,2.0,11308.5,0.9999441531259021,0.22198142414860678,2.783625730994152,2.6411764705882352,3.0,3.0,15327.5,0.18416245784994162,0.054523563811489595,1.713450292397661,1.7411764705882353,2.0,2.0,14186.5,0.6642365151662566,0.02397660818713454,1
17-43,9+,386,193,193,4.051357131507505,234.68911917098447,161.36269430051814,46.0,36.0,20907.0,0.01864858425258325,0.12255362560068717,5.7927461139896375,4.652849740932642,3.0,3.0,20884.5,0.01845518953045406,0.12134553947756976,5.580310880829016,4.103626943005182,5.0,4.0,25052.0,1.5824302562862498e-09,0.3451099358372036,2.5440414507772022,2.145077720207254,3.0,2.0,23857.0,9.637793978778918e-08,0.2809471395205241,4
44-140,1,1438,719,719,3.4665270503987156,1.7913769123783032,5.255910987482615,1.0,1.0,258816.5,0.4521777979701331,0.0012999046349724264,1.0834492350486786,1.122392211404729,1.0,1.0,258729.5,0.4645374659591523,0.0009633221848457385,1.0,1.0,1.0,1.0,258480.5,1.0,0.0,1.0,1.0,1.0,1.0,258480.5,1.0,0.0,0
44-140,2,1091,546,545,3.666918212686984,4.562271062271062,10.244036697247706,2.0,2.0,141609.0,0.9976011678185156,0.04823066841415469,1.1043956043956045,1.3541284403669724,1.0,1.0,141649.5,0.9974851579825796,0.04795846355479383,1.2326007326007327,1.269724770642202,1.0,1.0,143261.5,0.9212074686980778,0.03712403804146924,1.098901098901099,1.091743119266055,1.0,1.0,149850.0,0.3437762495365846,0.007157979635043832,1
44-140,3-4,823,412,411,3.968988795774408,5.682038834951456,24.450121654501217,4.0,4.0,76076.5,0.9964506900672073,0.10145158623296247,1.383495145631068,2.1946472019464722,1.0,1.0,71283.5,0.9999992899877821,0.15806226820683622,1.912621359223301,1.9221411192214113,2.0,2.0,83162.5,0.6843337414491777,0.01775801384262865,1.3737864077669903,1.467153284671533,1.0,1.0,76917.0,0.9961026011399284,0.0915243427113599,0
44-140,5-8,480,240,240,4.430327792727544,11.233333333333333,64.59166666666667,7.0,9.0,21333.0,0.9999996466548048,0.25927083333333334,1.6583333333333334,3.1666666666666665,1.0,2.0,19290.0,0.999999999993674,0.3302083333333333,2.870833333333333,2.8833333333333333,3.0,3.0,28609.5,0.5513749938118825,0.006614583333333313,1.7583333333333333,1.8333333333333333,2.0,2.0,27029.0,0.9006033468561008,0.06149305555555551,0
44-140,9+,415,208,207,4.750032585330794,144.9471153846154,188.0048309178744,33.0,32.0,20696.5,0.7521319958126047,0.03862411742846528,4.086538461538462,4.2270531400966185,2.0,2.0,21363.5,0.554857304601836,0.007641211445559293,5.4423076923076925,4.328502415458937,5.0,4.0,26811.0,6.4994781244602125e-06,0.24540133779264206,2.4903846153846154,2.207729468599034,2.5,2.0,25308.0,0.000490437283777128,0.17558528428093645,2
141+,1,3056,1528,1528,5.777482122775451,1.2028795811518325,1.1485602094240839,1.0,1.0,1175279.5,0.1622996683583265,0.006756513664647246,1.049738219895288,1.0451570680628273,1.0,1.0,1174889.5,0.17452419556164367,0.006422435651435077,1.0,1.0,1.0,1.0,1167392.0,1.0,0.0,1.0,1.0,1.0,1.0,1167392.0,1.0,0.0,2
141+,2,1680,840,840,6.044734465866236,2.645238095238095,2.4119047619047618,2.0,2.0,359704.0,0.06763787154090903,0.019569160997732427,1.1202380952380953,1.1178571428571429,1.0,1.0,359768.5,0.06575673291589992,0.0197519841269842,1.555952380952381,1.4619047619047618,2.0,1.0,385980.0,5.805092503516378e-05,0.09404761904761916,1.2595238095238095,1.1726190476190477,1.0,1.0,383460.0,7.5891856522916954e-06,0.08690476190476182,4
141+,3-4,1819,910,909,6.390780832558055,6.661538461538462,7.822882288228823,4.0,3.0,441272.5,0.003226203310087143,0.06691932929556699,1.2714285714285714,1.275027502750275,1.0,1.0,428464.0,0.0182719476824885,0.03595062802983584,2.2527472527472527,2.012101210121012,2.0,2.0,478058.0,3.8029328005473606e-10,0.15586020140475587,1.5021978021978022,1.3223322332233223,1.0,1.0,481302.0,5.256562896692217e-13,0.16370362310956366,2
141+,5-8,1511,756,755,6.971755706179085,12.154761904761905,12.033112582781458,7.0,6.0,294370.5,0.1400162812256735,0.031467465573425946,1.4735449735449735,1.5403973509933775,1.0,1.0,266643.5,0.99701270972117,0.06568730509127862,3.484126984126984,3.0225165562913907,3.0,3.0,335292.5,8.051858328710082e-10,0.17485721293668322,1.8584656084656084,1.732450331125828,2.0,2.0,314324.0,9.285103950062499e-05,0.10138407092049473,3
141+,9+,3155,1578,1577,9.626954620523833,486.1514575411914,112.46861128725428,56.0,24.0,1633633.0,1.2467127973887776e-52,0.31294278575177237,2.934727503168568,3.0481927710843375,2.0,2.0,1378770.5,2.184261112913684e-08,0.10811105136977761,12.249049429657795,6.74001268230818,10.0,6.0,1731139.5,1.9046438807647897e-81,0.3913082789432696,2.8193916349809887,2.4273937856689916,3.0,2.0,1531651.5,1.417049760761519e-32,0.23098075712897614,3
