layer,metric,method,n_months,mean_top_value,mean_base_value,mean_lift,mean_spearman,mean_auc
adoption_breadth,future_child_owner_breadth_3m,AllTimeDerivCount,17,0.061682284728158135,0.013368288114066814,4.435447752122026,0.11249227292480178,
adoption_breadth,future_child_owner_breadth_3m,CurrentDerivCount,17,0.05194248271689065,0.013368288114066814,3.223175769642328,0.11641182780809056,
adoption_breadth,future_child_owner_breadth_3m,Downloads,17,0.03703103524206433,0.013368288114066814,2.8317466049454403,0.066498395211484,
adoption_breadth,future_child_owner_breadth_3m,EventValue,17,0.05194248271689065,0.013368288114066814,3.223175769642328,0.11630215243577294,
adoption_breadth,future_child_owner_breadth_3m,ModelRank,17,0.0744688676030689,0.013368288114066814,4.751275913981337,0.08250583634307562,
adoption_breadth,future_child_owner_breadth_3m,Simplified-MR,17,0.07032584088207695,0.013368288114066814,4.500061592797281,0.08309648629134556,
adoption_breadth,future_cross_owner_reuse_share_3m,AllTimeDerivCount,17,0.025360359382296735,0.008475168542517217,3.583143867306318,0.10464271855935167,
adoption_breadth,future_cross_owner_reuse_share_3m,CurrentDerivCount,17,0.018871265169720496,0.008475168542517217,2.3955761814622303,0.10363512363562025,
adoption_breadth,future_cross_owner_reuse_share_3m,Downloads,17,0.027806064236572288,0.008475168542517217,3.18311201750968,0.0657628975827332,
adoption_breadth,future_cross_owner_reuse_share_3m,EventValue,17,0.018871265169720496,0.008475168542517217,2.3955761814622303,0.10353011706605798,
adoption_breadth,future_cross_owner_reuse_share_3m,ModelRank,17,0.037464909147537286,0.008475168542517217,4.35787025200636,0.08177769641195379,
adoption_breadth,future_cross_owner_reuse_share_3m,Simplified-MR,17,0.03444830719907611,0.008475168542517217,4.097675310986159,0.08199312823429017,
adoption_breadth,future_high_download_child_owner_breadth_3m,AllTimeDerivCount,17,0.012859660749014195,0.003430784823887952,3.8009069736537016,0.06222893597364131,
adoption_breadth,future_high_download_child_owner_breadth_3m,CurrentDerivCount,17,0.010728700467312766,0.003430784823887952,3.0504809656286187,0.074122266729604,
adoption_breadth,future_high_download_child_owner_breadth_3m,Downloads,17,0.00997919506611666,0.003430784823887952,2.665291772557333,0.03260806886369813,
adoption_breadth,future_high_download_child_owner_breadth_3m,EventValue,17,0.010728700467312766,0.003430784823887952,3.0504809656286187,0.07406129406998162,
adoption_breadth,future_high_download_child_owner_breadth_3m,ModelRank,17,0.017367463210289914,0.003430784823887952,4.268869284076962,0.04178359716328289,
adoption_breadth,future_high_download_child_owner_breadth_3m,Simplified-MR,17,0.01620385461190209,0.003430784823887952,3.9900815167396964,0.04256975390714555,
adoption_breadth,future_high_like_child_owner_breadth_3m,AllTimeDerivCount,17,0.01602348178025785,0.0028213054096366524,5.49838090159336,0.09089737591363545,
adoption_breadth,future_high_like_child_owner_breadth_3m,CurrentDerivCount,17,0.013421400925233667,0.0028213054096366524,3.9583341350359724,0.10981568380207685,
adoption_breadth,future_high_like_child_owner_breadth_3m,Downloads,17,0.008126765918379414,0.0028213054096366524,3.027810125742226,0.02707678934792485,
adoption_breadth,future_high_like_child_owner_breadth_3m,EventValue,17,0.013421400925233667,0.0028213054096366524,3.9583341350359724,0.10965015004748375,
adoption_breadth,future_high_like_child_owner_breadth_3m,ModelRank,17,0.017887342606038425,0.0028213054096366524,5.534117084566415,0.04067675380028399,
adoption_breadth,future_high_like_child_owner_breadth_3m,Simplified-MR,17,0.01695078759867865,0.0028213054096366524,5.2336851133588524,0.04101469419055417,
descendant_quality,future_child_download_quality_mean_3m,AllTimeDerivCount,17,0.10585469269418774,0.03641261163158066,3.569248616087313,0.10758274886512105,
descendant_quality,future_child_download_quality_mean_3m,CurrentDerivCount,17,0.07998211017075402,0.03641261163158066,2.4656711905505095,0.11478867716847652,
descendant_quality,future_child_download_quality_mean_3m,Downloads,17,0.12024817371755014,0.03641261163158066,3.2387800619087637,0.06610010625342684,
descendant_quality,future_child_download_quality_mean_3m,EventValue,17,0.07998211017075402,0.03641261163158066,2.4656711905505095,0.11467080303667962,
descendant_quality,future_child_download_quality_mean_3m,ModelRank,17,0.15975181287540624,0.03641261163158066,4.3466733248353115,0.07987467141587701,
descendant_quality,future_child_download_quality_mean_3m,Simplified-MR,17,0.14592196881271233,0.03641261163158066,4.059159034895423,0.0804221504047181,
descendant_quality,future_child_download_quality_median_3m,AllTimeDerivCount,17,0.10575612850344057,0.03641222718037534,3.567388271429097,0.10636574043036967,
descendant_quality,future_child_download_quality_median_3m,CurrentDerivCount,17,0.07988910619097399,0.03641222718037534,2.4635047994203196,0.11274908306548963,
descendant_quality,future_child_download_quality_median_3m,Downloads,17,0.12030342782678857,0.03641222718037534,3.241224724527254,0.06630021005277961,
descendant_quality,future_child_download_quality_median_3m,EventValue,17,0.07988910619097399,0.03641222718037534,2.4635047994203196,0.11263148493236287,
descendant_quality,future_child_download_quality_median_3m,ModelRank,17,0.1597395781260581,0.03641222718037534,4.345759094889882,0.07969691667330366,
descendant_quality,future_child_download_quality_median_3m,Simplified-MR,17,0.1459076738427267,0.03641222718037534,4.059505364035901,0.08024528435054366,
descendant_quality,future_child_download_quality_sum_3m,AllTimeDerivCount,17,0.36764806924096793,0.07750761353383812,4.643455503375093,0.1079104985360803,
descendant_quality,future_child_download_quality_sum_3m,CurrentDerivCount,17,0.3152008688068684,0.07750761353383812,3.5384548815649786,0.11521111915326343,
descendant_quality,future_child_download_quality_sum_3m,Downloads,17,0.21905253520190238,0.07750761353383812,2.91711806799243,0.06607696505794386,
descendant_quality,future_child_download_quality_sum_3m,EventValue,17,0.3152008688068684,0.07750761353383812,3.5384548815649786,0.11509257379396964,
descendant_quality,future_child_download_quality_sum_3m,ModelRank,17,0.4498145022996205,0.07750761353383812,5.024355350482334,0.07989701177054237,
descendant_quality,future_child_download_quality_sum_3m,Simplified-MR,17,0.42802777162505057,0.07750761353383812,4.782517826967993,0.0804470781650143,
descendant_quality,future_child_like_quality_mean_3m,AllTimeDerivCount,17,0.006088470993867577,0.0013252029621165736,5.304963858212983,0.08929138026978277,
descendant_quality,future_child_like_quality_mean_3m,CurrentDerivCount,17,0.0043829618906695966,0.0013252029621165736,3.480104927652813,0.10571950593035062,
descendant_quality,future_child_like_quality_mean_3m,Downloads,17,0.0045147362550301655,0.0013252029621165736,3.465653007025162,0.0259502437942721,
descendant_quality,future_child_like_quality_mean_3m,EventValue,17,0.0043829618906695966,0.0013252029621165736,3.480104927652813,0.10555201108085226,
descendant_quality,future_child_like_quality_mean_3m,ModelRank,17,0.007193623315688538,0.0013252029621165736,5.4869614330678065,0.03971324779556133,
descendant_quality,future_child_like_quality_mean_3m,Simplified-MR,17,0.00665497151958087,0.0013252029621165736,5.171516783785996,0.04000930087249969,
descendant_quality,future_child_like_quality_median_3m,AllTimeDerivCount,17,0.00577973768425591,0.0012797657329428323,5.272599115546427,0.07530515048742163,
descendant_quality,future_child_like_quality_median_3m,CurrentDerivCount,17,0.004111412447015359,0.0012797657329428323,3.399057760369908,0.0830887866095282,
descendant_quality,future_child_like_quality_median_3m,Downloads,17,0.004393308893267698,0.0012797657329428323,3.515973315623004,0.0272982331100809,
descendant_quality,future_child_like_quality_median_3m,EventValue,17,0.004111412447015359,0.0012797657329428323,3.399057760369908,0.082948780204695,
descendant_quality,future_child_like_quality_median_3m,ModelRank,17,0.0069122584374130625,0.0012797657329428323,5.483267823321159,0.03760544610202818,
descendant_quality,future_child_like_quality_median_3m,Simplified-MR,17,0.006399439117225202,0.0012797657329428323,5.170940966290176,0.03795477762661249,
descendant_quality,future_child_like_quality_sum_3m,AllTimeDerivCount,17,0.02524392623657828,0.003927946599289097,5.938099205358126,0.0893426972778924,
descendant_quality,future_child_like_quality_sum_3m,CurrentDerivCount,17,0.02170812934520641,0.003927946599289097,4.441414641126151,0.10579662098937884,
descendant_quality,future_child_like_quality_sum_3m,Downloads,17,0.01036198700958707,0.003927946599289097,3.006569577217443,0.025943389506036547,
descendant_quality,future_child_like_quality_sum_3m,EventValue,17,0.02170812934520641,0.003927946599289097,4.441414641126151,0.1056289709727306,
descendant_quality,future_child_like_quality_sum_3m,ModelRank,17,0.02681348189904631,0.003927946599289097,5.8358494202238,0.039714309696856874,
descendant_quality,future_child_like_quality_sum_3m,Simplified-MR,17,0.025710040034513555,0.003927946599289097,5.564511988910747,0.04001119381383337,
descendant_quality,future_high_download_child_count_3m,AllTimeDerivCount,17,0.019031078274133473,0.0046650627343201205,3.919975983476568,0.06223665915535793,
descendant_quality,future_high_download_child_count_3m,CurrentDerivCount,17,0.01621117351062839,0.0046650627343201205,3.1619441057243582,0.07412912311533282,
descendant_quality,future_high_download_child_count_3m,Downloads,17,0.012723280576976028,0.0046650627343201205,2.5623049833680023,0.03260616906981121,
descendant_quality,future_high_download_child_count_3m,EventValue,17,0.01621117351062839,0.0046650627343201205,3.1619441057243582,0.07406815597610976,
descendant_quality,future_high_download_child_count_3m,ModelRank,17,0.024881203261361347,0.0046650627343201205,4.382006984554401,0.04178421304224868,
descendant_quality,future_high_download_child_count_3m,Simplified-MR,17,0.023406944225545644,0.0046650627343201205,4.118479003279898,0.04257112620817973,
descendant_quality,future_high_like_child_count_3m,AllTimeDerivCount,17,0.025454943118767552,0.004196309346854173,5.681525184167071,0.09089427855308962,
descendant_quality,future_high_like_child_count_3m,CurrentDerivCount,17,0.02171683888154139,0.004196309346854173,4.194071610573854,0.10981450278928181,
descendant_quality,future_high_like_child_count_3m,Downloads,17,0.01184587770809696,0.004196309346854173,3.0397545400805632,0.027077770162938414,
descendant_quality,future_high_like_child_count_3m,EventValue,17,0.02171683888154139,0.004196309346854173,4.194071610573854,0.10964894378975541,
descendant_quality,future_high_like_child_count_3m,ModelRank,17,0.02773889488768558,0.004196309346854173,5.6695952806235645,0.040677278232032134,
descendant_quality,future_high_like_child_count_3m,Simplified-MR,17,0.026431862863060686,0.004196309346854173,5.368961685531872,0.041015775820434947,
descendant_quality,future_nonzero_download_child_share_3m,AllTimeDerivCount,17,0.024596368562969362,0.008080092637072711,3.716235332205756,0.1076855887361482,
descendant_quality,future_nonzero_download_child_share_3m,CurrentDerivCount,17,0.0183060017057098,0.008080092637072711,2.492903467160225,0.11491537598701751,
descendant_quality,future_nonzero_download_child_share_3m,Downloads,17,0.027459614082988543,0.008080092637072711,3.3653828405679422,0.06612881102346498,
descendant_quality,future_nonzero_download_child_share_3m,EventValue,17,0.0183060017057098,0.008080092637072711,2.492903467160225,0.11479721198000663,
descendant_quality,future_nonzero_download_child_share_3m,ModelRank,17,0.03633523214554787,0.008080092637072711,4.499839983180088,0.07990281046752545,
descendant_quality,future_nonzero_download_child_share_3m,Simplified-MR,17,0.03336707390421433,0.008080092637072711,4.222510070795198,0.08044861667560058,
descendant_quality,future_nonzero_like_child_share_3m,AllTimeDerivCount,17,0.0069392999661525056,0.001599464970697043,5.007871164634528,0.08926697759843456,
descendant_quality,future_nonzero_like_child_share_3m,CurrentDerivCount,17,0.004955360479675845,0.001599464970697043,3.2391085249811518,0.10568800070037877,
descendant_quality,future_nonzero_like_child_share_3m,Downloads,17,0.005352650462161909,0.001599464970697043,3.308106852565878,0.0259535291403915,
descendant_quality,future_nonzero_like_child_share_3m,EventValue,17,0.004955360479675845,0.001599464970697043,3.2391085249811518,0.10552058377003287,
descendant_quality,future_nonzero_like_child_share_3m,ModelRank,17,0.008395300229262326,0.001599464970697043,5.218174879043847,0.03971297172277026,
descendant_quality,future_nonzero_like_child_share_3m,Simplified-MR,17,0.007734433739343194,0.001599464970697043,4.900293176012265,0.040008655749080045,
quantity,future_active_parent_binary_3m,AllTimeDerivCount,17,0.027945059632831542,0.009062710053753004,3.6478636285600565,0.11226815411820629,0.6342378133924024
quantity,future_active_parent_binary_3m,CurrentDerivCount,17,0.020863175795347248,0.009062710053753004,2.466432565883109,0.11613298734074001,0.554445706773122
quantity,future_active_parent_binary_3m,Downloads,17,0.029710396066947222,0.009062710053753004,3.2091390712920407,0.06652311898814843,0.6937561410328547
quantity,future_active_parent_binary_3m,EventValue,17,0.020863175795347248,0.009062710053753004,2.466432565883109,0.11602372360032806,0.554395320357469
quantity,future_active_parent_binary_3m,ModelRank,17,0.039877280520820145,0.009062710053753004,4.34456460212001,0.08250139501799436,0.7564960489631886
quantity,future_active_parent_binary_3m,Simplified-MR,17,0.03675903656214523,0.009062710053753004,4.0914456928270555,0.08309269420092197,0.7520838753790654
quantity,future_active_parent_months_3m,AllTimeDerivCount,17,0.03380796744653451,0.01000228744228562,3.919945001988785,0.1124715035318498,
quantity,future_active_parent_months_3m,CurrentDerivCount,17,0.02547679464664219,0.01000228744228562,2.6878102017008683,0.11638708220626783,
quantity,future_active_parent_months_3m,Downloads,17,0.033375767724480594,0.01000228744228562,3.2364589899962937,0.06649440535101067,
quantity,future_active_parent_months_3m,EventValue,17,0.02547679464664219,0.01000228744228562,2.6878102017008683,0.11627739379136319,
quantity,future_active_parent_months_3m,ModelRank,17,0.046141011531212535,0.01000228744228562,4.529840776437088,0.0825044314699527,
quantity,future_active_parent_months_3m,Simplified-MR,17,0.042464888315975925,0.01000228744228562,4.256473842824401,0.08309466511825435,
quantity,future_direct_children_3m,AllTimeDerivCount,17,0.11661596502246092,0.021854072419760867,5.003343977401135,0.11252217686647104,
quantity,future_direct_children_3m,CurrentDerivCount,17,0.10047282433526428,0.021854072419760867,3.7220397924029083,0.11645979325719985,
quantity,future_direct_children_3m,Downloads,17,0.05918171944315803,0.021854072419760867,2.9808140084369037,0.06650081809191578,
quantity,future_direct_children_3m,EventValue,17,0.10047282433526428,0.021854072419760867,3.7220397924029083,0.11635003220756124,
quantity,future_direct_children_3m,ModelRank,17,0.1344882515885308,0.021854072419760867,5.223698353757323,0.0825167515107164,
quantity,future_direct_children_3m,Simplified-MR,17,0.12992395340325436,0.021854072419760867,5.024010421095147,0.08311434927327745,
repropagation,future_child_becomes_parent_share_3m,AllTimeDerivCount,14,0.0014725138826992706,0.00021822770405078592,7.3475936564764295,0.07688710166891403,
repropagation,future_child_becomes_parent_share_3m,CurrentDerivCount,14,0.0010598492258659699,0.00021822770405078592,4.7350104007627865,0.09443179264194687,
repropagation,future_child_becomes_parent_share_3m,Downloads,14,0.0009489505069058944,0.00021822770405078592,4.440836101776931,0.012390242369153088,
repropagation,future_child_becomes_parent_share_3m,EventValue,14,0.0010598492258659699,0.00021822770405078592,4.735010400762787,0.09419776670348412,
repropagation,future_child_becomes_parent_share_3m,ModelRank,14,0.0014477613174579238,0.00021822770405078592,6.8489266791052925,0.02156239944602693,
repropagation,future_child_becomes_parent_share_3m,Simplified-MR,14,0.001346364013824783,0.00021822770405078592,6.414538396908476,0.021516945056812096,
repropagation,future_child_future_child_count_mean_3m,AllTimeDerivCount,14,0.004781955669911875,0.0008169823032047729,7.067558744492544,0.07688716210205013,
repropagation,future_child_future_child_count_mean_3m,CurrentDerivCount,14,0.0035501204541725064,0.0008169823032047729,4.448917848934161,0.09443260395183335,
repropagation,future_child_future_child_count_mean_3m,Downloads,14,0.0029206174062859436,0.0008169823032047729,4.0517601802624315,0.012389673614527733,
repropagation,future_child_future_child_count_mean_3m,EventValue,14,0.003550120454172507,0.0008169823032047729,4.448917848934161,0.09419857331190162,
repropagation,future_child_future_child_count_mean_3m,ModelRank,14,0.004610511160947302,0.0008169823032047729,6.302974540088627,0.021561977696318478,
repropagation,future_child_future_child_count_mean_3m,Simplified-MR,14,0.004222318426889413,0.0008169823032047729,5.882829504109843,0.02151657350874679,
repropagation,future_child_future_child_count_median_3m,AllTimeDerivCount,14,0.003306395046106479,0.000506778592117224,7.510465433021382,0.05158227024889723,
repropagation,future_child_future_child_count_median_3m,CurrentDerivCount,14,0.0023132096178095376,0.000506778592117224,4.487472938760065,0.05818143510341549,
repropagation,future_child_future_child_count_median_3m,Downloads,14,0.002063090158749474,0.000506778592117224,4.371967421315012,0.010531869093857744,
repropagation,future_child_future_child_count_median_3m,EventValue,14,0.0023132096178095376,0.000506778592117224,4.487472938760065,0.058045439568277964,
repropagation,future_child_future_child_count_median_3m,ModelRank,14,0.00320298238059355,0.000506778592117224,6.85177979437785,0.014780597174117878,
repropagation,future_child_future_child_count_median_3m,Simplified-MR,14,0.0029677316234721063,0.000506778592117224,6.399104060757011,0.015085556902442733,
repropagation,future_child_second_order_diffusion_share_3m,AllTimeDerivCount,14,0.000846379626866549,0.00013030023216671006,7.270216550062287,0.06119435834423149,
repropagation,future_child_second_order_diffusion_share_3m,CurrentDerivCount,14,0.0006115198179223085,0.00013030023216671006,4.731212247317181,0.07431615038021519,
repropagation,future_child_second_order_diffusion_share_3m,Downloads,14,0.0005601647060778442,0.00013030023216671006,4.4058602219370915,0.009824669021471241,
repropagation,future_child_second_order_diffusion_share_3m,EventValue,14,0.0006115198179223085,0.00013030023216671006,4.731212247317181,0.07412159110247969,
repropagation,future_child_second_order_diffusion_share_3m,ModelRank,14,0.0008244481740262179,0.00013030023216671006,6.706439644272103,0.016767787512573094,
repropagation,future_child_second_order_diffusion_share_3m,Simplified-MR,14,0.0007700916072944543,0.00013030023216671006,6.356300436735448,0.016989057152852555,
