metric_left,metric_right,spearman_corr_lift_profiles,abs_corr
future_child_download_quality_mean_3m,future_child_download_quality_median_3m,0.9997568354680917,0.9997568354680917
future_child_like_quality_mean_3m,future_child_like_quality_median_3m,0.9973845601435525,0.9973845601435525
future_child_download_quality_mean_3m,future_nonzero_download_child_share_3m,0.9916815580696462,0.9916815580696462
future_active_parent_binary_3m,future_cross_owner_reuse_share_3m,0.9914976037001562,0.9914976037001562
future_child_like_quality_median_3m,future_nonzero_like_child_share_3m,0.9911725120893186,0.9911725120893186
future_child_download_quality_median_3m,future_nonzero_download_child_share_3m,0.9910482028704685,0.9910482028704685
future_active_parent_binary_3m,future_active_parent_months_3m,0.9897981688731048,0.9897981688731048
future_child_like_quality_mean_3m,future_nonzero_like_child_share_3m,0.9897728654395216,0.9897728654395216
future_high_like_child_count_3m,future_high_like_child_owner_breadth_3m,0.9804530327103813,0.9804530327103813
future_active_parent_months_3m,future_cross_owner_reuse_share_3m,0.9800856743315581,0.9800856743315581
future_cross_owner_reuse_share_3m,future_nonzero_download_child_share_3m,0.9727062722484354,0.9727062722484354
future_high_download_child_count_3m,future_high_download_child_owner_breadth_3m,0.9690036025304947,0.9690036025304947
future_child_download_quality_mean_3m,future_cross_owner_reuse_share_3m,0.967791918436075,0.967791918436075
future_child_download_quality_median_3m,future_cross_owner_reuse_share_3m,0.9673282080175745,0.9673282080175745
future_child_owner_breadth_3m,future_direct_children_3m,0.9640221454382999,0.9640221454382999
future_active_parent_binary_3m,future_nonzero_download_child_share_3m,0.9637456599100004,0.9637456599100004
future_child_future_child_count_median_3m,future_child_second_order_diffusion_share_3m,0.9590841661174798,0.9590841661174798
future_child_download_quality_sum_3m,future_direct_children_3m,0.9584100298695497,0.9584100298695497
future_child_like_quality_sum_3m,future_high_like_child_count_3m,0.9582516888312125,0.9582516888312125
future_child_becomes_parent_share_3m,future_child_second_order_diffusion_share_3m,0.9576069951365468,0.9576069951365468
future_active_parent_binary_3m,future_child_download_quality_mean_3m,0.9534136728482987,0.9534136728482987
future_active_parent_binary_3m,future_child_download_quality_median_3m,0.9529160281778716,0.9529160281778716
future_child_becomes_parent_share_3m,future_child_future_child_count_median_3m,0.9461884320633159,0.9461884320633159
future_active_parent_months_3m,future_nonzero_download_child_share_3m,0.9436703350261496,0.9436703350261496
future_child_like_quality_sum_3m,future_high_like_child_owner_breadth_3m,0.9370818796482931,0.9370818796482931
future_active_parent_months_3m,future_child_download_quality_mean_3m,0.9336549174111152,0.9336549174111152
future_active_parent_months_3m,future_child_download_quality_median_3m,0.9330102413607892,0.9330102413607892
future_child_download_quality_sum_3m,future_child_owner_breadth_3m,0.9311640612013873,0.9311640612013873
future_child_future_child_count_mean_3m,future_child_second_order_diffusion_share_3m,0.9175792741715941,0.9175792741715941
future_direct_children_3m,future_high_like_child_owner_breadth_3m,0.8991491852403042,0.8991491852403042
future_child_owner_breadth_3m,future_high_like_child_owner_breadth_3m,0.8950435586656866,0.8950435586656866
future_direct_children_3m,future_high_like_child_count_3m,0.8896912871611878,0.8896912871611878
future_child_like_quality_sum_3m,future_direct_children_3m,0.8888417636686917,0.8888417636686917
future_child_owner_breadth_3m,future_high_like_child_count_3m,0.8776911288179109,0.8776911288179109
future_child_like_quality_sum_3m,future_child_owner_breadth_3m,0.8703384823315753,0.8703384823315753
future_child_becomes_parent_share_3m,future_child_future_child_count_mean_3m,0.8696484264693084,0.8696484264693084
future_child_download_quality_sum_3m,future_high_like_child_owner_breadth_3m,0.8696284065877414,0.8696284065877414
future_child_future_child_count_mean_3m,future_child_future_child_count_median_3m,0.8674065605122758,0.8674065605122758
future_child_download_quality_sum_3m,future_high_download_child_count_3m,0.8621354612653713,0.8621354612653713
future_child_like_quality_median_3m,future_nonzero_download_child_share_3m,0.8568560700446896,0.8568560700446896
future_nonzero_download_child_share_3m,future_nonzero_like_child_share_3m,0.8550795940264706,0.8550795940264706
future_child_like_quality_mean_3m,future_nonzero_download_child_share_3m,0.8519047363533887,0.8519047363533887
future_child_download_quality_mean_3m,future_nonzero_like_child_share_3m,0.8510410893968713,0.8510410893968713
future_child_download_quality_mean_3m,future_child_like_quality_median_3m,0.8501936833771595,0.8501936833771595
future_child_download_quality_median_3m,future_nonzero_like_child_share_3m,0.8501193209586603,0.8501193209586603
future_child_download_quality_median_3m,future_child_like_quality_median_3m,0.8489552407611616,0.8489552407611616
future_child_download_quality_sum_3m,future_high_download_child_owner_breadth_3m,0.8487077989390502,0.8487077989390502
future_active_parent_months_3m,future_nonzero_like_child_share_3m,0.8468320213671421,0.8468320213671421
future_active_parent_months_3m,future_child_like_quality_mean_3m,0.8445110486215641,0.8445110486215641
future_child_download_quality_mean_3m,future_child_like_quality_mean_3m,0.8440377867474764,0.8440377867474764
future_child_download_quality_median_3m,future_child_like_quality_mean_3m,0.842460040323554,0.842460040323554
future_active_parent_months_3m,future_child_like_quality_median_3m,0.839973308203221,0.839973308203221
future_child_download_quality_sum_3m,future_child_like_quality_sum_3m,0.8381720916555453,0.8381720916555453
future_child_download_quality_sum_3m,future_high_like_child_count_3m,0.8376184377666132,0.8376184377666132
future_active_parent_binary_3m,future_nonzero_like_child_share_3m,0.8297762848485921,0.8297762848485921
future_cross_owner_reuse_share_3m,future_nonzero_like_child_share_3m,0.8276995026427972,0.8276995026427972
future_active_parent_binary_3m,future_child_like_quality_median_3m,0.8273851600626456,0.8273851600626456
future_active_parent_binary_3m,future_child_like_quality_mean_3m,0.8269124736983348,0.8269124736983348
future_child_becomes_parent_share_3m,future_child_like_quality_mean_3m,0.8228908769743617,0.8228908769743617
future_child_like_quality_median_3m,future_cross_owner_reuse_share_3m,0.8217344466186228,0.8217344466186228
future_child_like_quality_mean_3m,future_cross_owner_reuse_share_3m,0.8209224470407275,0.8209224470407275
future_child_becomes_parent_share_3m,future_child_like_quality_median_3m,0.8152659851960845,0.8152659851960845
future_child_like_quality_mean_3m,future_child_second_order_diffusion_share_3m,0.8133664118689494,0.8133664118689494
future_child_like_quality_median_3m,future_child_second_order_diffusion_share_3m,0.8079185864421095,0.8079185864421095
future_high_download_child_owner_breadth_3m,future_high_like_child_owner_breadth_3m,0.7889519135656756,0.7889519135656756
future_active_parent_months_3m,future_child_owner_breadth_3m,0.7881932466592396,0.7881932466592396
future_direct_children_3m,future_high_download_child_count_3m,0.7877374095563653,0.7877374095563653
future_high_download_child_count_3m,future_high_like_child_owner_breadth_3m,0.7812814567663858,0.7812814567663858
future_child_future_child_count_median_3m,future_child_like_quality_mean_3m,0.7743601432675498,0.7743601432675498
future_child_future_child_count_median_3m,future_child_like_quality_median_3m,0.7714336350760457,0.7714336350760457
future_child_becomes_parent_share_3m,future_nonzero_like_child_share_3m,0.7689028403625133,0.7689028403625133
future_child_owner_breadth_3m,future_high_download_child_count_3m,0.7602534630651241,0.7602534630651241
future_direct_children_3m,future_high_download_child_owner_breadth_3m,0.7594576636909208,0.7594576636909208
future_active_parent_months_3m,future_direct_children_3m,0.7594426316652623,0.7594426316652623
future_high_download_child_count_3m,future_high_like_child_count_3m,0.7559329414356368,0.7559329414356368
future_child_owner_breadth_3m,future_high_download_child_owner_breadth_3m,0.7555668661614937,0.7555668661614937
future_active_parent_months_3m,future_child_download_quality_sum_3m,0.755292407905445,0.755292407905445
future_high_download_child_owner_breadth_3m,future_high_like_child_count_3m,0.7523037990474247,0.7523037990474247
future_child_second_order_diffusion_share_3m,future_nonzero_like_child_share_3m,0.7479254110035158,0.7479254110035158
future_high_like_child_owner_breadth_3m,future_nonzero_like_child_share_3m,0.7475195313321196,0.7475195313321196
future_child_like_quality_mean_3m,future_high_like_child_owner_breadth_3m,0.746052750681087,0.746052750681087
future_child_like_quality_sum_3m,future_high_download_child_count_3m,0.7407497470429751,0.7407497470429751
future_child_owner_breadth_3m,future_cross_owner_reuse_share_3m,0.7307197489412229,0.7307197489412229
future_child_like_quality_sum_3m,future_high_download_child_owner_breadth_3m,0.7298478769116845,0.7298478769116845
future_active_parent_binary_3m,future_child_owner_breadth_3m,0.7262018537473633,0.7262018537473633
future_child_download_quality_sum_3m,future_cross_owner_reuse_share_3m,0.7255011734218415,0.7255011734218415
future_child_like_quality_median_3m,future_high_like_child_owner_breadth_3m,0.7238375299381715,0.7238375299381715
future_child_download_quality_sum_3m,future_child_like_quality_mean_3m,0.7228037436143508,0.7228037436143508
future_child_future_child_count_median_3m,future_nonzero_like_child_share_3m,0.7157930981916089,0.7157930981916089
future_child_download_quality_sum_3m,future_nonzero_like_child_share_3m,0.7150358103455433,0.7150358103455433
future_child_download_quality_mean_3m,future_child_download_quality_sum_3m,0.714398409824413,0.714398409824413
future_child_download_quality_median_3m,future_child_download_quality_sum_3m,0.7139177371088082,0.7139177371088082
future_child_download_quality_sum_3m,future_nonzero_download_child_share_3m,0.709429331617067,0.709429331617067
future_child_download_quality_sum_3m,future_child_like_quality_median_3m,0.7077368514834425,0.7077368514834425
future_cross_owner_reuse_share_3m,future_direct_children_3m,0.705871375479568,0.705871375479568
future_child_future_child_count_mean_3m,future_child_like_quality_mean_3m,0.7051991514572975,0.7051991514572975
future_active_parent_binary_3m,future_child_download_quality_sum_3m,0.7040012215583649,0.7040012215583649
future_child_future_child_count_mean_3m,future_child_like_quality_median_3m,0.6992349870731046,0.6992349870731046
future_active_parent_binary_3m,future_direct_children_3m,0.6954832580260248,0.6954832580260248
future_active_parent_months_3m,future_high_like_child_owner_breadth_3m,0.6954173629577002,0.6954173629577002
future_child_like_quality_mean_3m,future_direct_children_3m,0.689584776578893,0.689584776578893
future_high_like_child_count_3m,future_nonzero_like_child_share_3m,0.6882408161528798,0.6882408161528798
future_child_like_quality_mean_3m,future_high_like_child_count_3m,0.6861917351412524,0.6861917351412524
future_direct_children_3m,future_nonzero_like_child_share_3m,0.6814207835794809,0.6814207835794809
future_child_owner_breadth_3m,future_nonzero_download_child_share_3m,0.6739371388825117,0.6739371388825117
future_child_like_quality_mean_3m,future_child_owner_breadth_3m,0.6727326707719445,0.6727326707719445
future_child_like_quality_median_3m,future_direct_children_3m,0.6709437718502115,0.6709437718502115
future_child_like_quality_mean_3m,future_child_like_quality_sum_3m,0.6639353069351501,0.6639353069351501
future_child_download_quality_mean_3m,future_child_owner_breadth_3m,0.6632528996708842,0.6632528996708842
future_child_owner_breadth_3m,future_nonzero_like_child_share_3m,0.6632000995401015,0.6632000995401015
future_child_like_quality_median_3m,future_high_like_child_count_3m,0.6629927672295245,0.6629927672295245
future_child_download_quality_median_3m,future_child_owner_breadth_3m,0.6616807949165805,0.6616807949165805
future_direct_children_3m,future_nonzero_download_child_share_3m,0.6567232546722465,0.6567232546722465
future_active_parent_months_3m,future_high_like_child_count_3m,0.655897438797496,0.655897438797496
future_child_like_quality_sum_3m,future_nonzero_like_child_share_3m,0.6542727805047228,0.6542727805047228
future_child_like_quality_median_3m,future_child_owner_breadth_3m,0.6523612674522191,0.6523612674522191
future_active_parent_months_3m,future_child_becomes_parent_share_3m,0.652338133172356,0.652338133172356
future_child_download_quality_mean_3m,future_direct_children_3m,0.6465591829992855,0.6465591829992855
future_child_download_quality_median_3m,future_direct_children_3m,0.6460389181165662,0.6460389181165662
future_child_like_quality_median_3m,future_child_like_quality_sum_3m,0.639339951539436,0.639339951539436
future_child_future_child_count_mean_3m,future_nonzero_like_child_share_3m,0.636143626748965,0.636143626748965
future_child_becomes_parent_share_3m,future_nonzero_download_child_share_3m,0.6328867828388575,0.6328867828388575
future_active_parent_months_3m,future_child_like_quality_sum_3m,0.6245931908322677,0.6245931908322677
future_high_download_child_owner_breadth_3m,future_nonzero_like_child_share_3m,0.624113194624939,0.624113194624939
future_active_parent_binary_3m,future_child_becomes_parent_share_3m,0.623701318459585,0.623701318459585
future_cross_owner_reuse_share_3m,future_high_like_child_owner_breadth_3m,0.6181064513605619,0.6181064513605619
future_active_parent_binary_3m,future_high_like_child_owner_breadth_3m,0.6179985918743478,0.6179985918743478
future_active_parent_months_3m,future_high_download_child_owner_breadth_3m,0.6178846617262725,0.6178846617262725
future_child_second_order_diffusion_share_3m,future_nonzero_download_child_share_3m,0.6150278717802031,0.6150278717802031
future_child_becomes_parent_share_3m,future_high_like_child_owner_breadth_3m,0.6113676408357678,0.6113676408357678
future_child_future_child_count_median_3m,future_nonzero_download_child_share_3m,0.6101525009339507,0.6101525009339507
future_active_parent_months_3m,future_child_future_child_count_median_3m,0.6077710606708708,0.6077710606708708
future_child_like_quality_mean_3m,future_high_download_child_owner_breadth_3m,0.6057942986886962,0.6057942986886962
future_active_parent_months_3m,future_child_second_order_diffusion_share_3m,0.6033608935456842,0.6033608935456842
future_child_becomes_parent_share_3m,future_cross_owner_reuse_share_3m,0.6016576292030474,0.6016576292030474
future_child_download_quality_median_3m,future_high_download_child_owner_breadth_3m,0.5982033543677212,0.5982033543677212
future_child_download_quality_mean_3m,future_high_download_child_owner_breadth_3m,0.5963484602456507,0.5963484602456507
future_active_parent_binary_3m,future_child_future_child_count_median_3m,0.5947787871722416,0.5947787871722416
future_child_becomes_parent_share_3m,future_child_download_quality_mean_3m,0.5923315663507324,0.5923315663507324
future_child_like_quality_median_3m,future_high_download_child_owner_breadth_3m,0.5916886042804493,0.5916886042804493
future_active_parent_binary_3m,future_child_second_order_diffusion_share_3m,0.5896499870966231,0.5896499870966231
future_child_becomes_parent_share_3m,future_child_download_quality_median_3m,0.588314515720723,0.588314515720723
future_high_like_child_owner_breadth_3m,future_nonzero_download_child_share_3m,0.5867836129484769,0.5867836129484769
future_cross_owner_reuse_share_3m,future_high_download_child_owner_breadth_3m,0.5848870945452699,0.5848870945452699
future_active_parent_months_3m,future_high_download_child_count_3m,0.5845767557090731,0.5845767557090731
future_high_download_child_count_3m,future_nonzero_like_child_share_3m,0.5826789910378354,0.5826789910378354
future_child_future_child_count_median_3m,future_cross_owner_reuse_share_3m,0.5757120076525436,0.5757120076525436
future_child_download_quality_mean_3m,future_child_second_order_diffusion_share_3m,0.5736722191575568,0.5736722191575568
future_child_download_quality_mean_3m,future_high_like_child_owner_breadth_3m,0.5724852615334681,0.5724852615334681
future_active_parent_binary_3m,future_high_like_child_count_3m,0.572032053203341,0.572032053203341
future_child_download_quality_median_3m,future_high_like_child_owner_breadth_3m,0.5709244624720536,0.5709244624720536
future_child_download_quality_median_3m,future_child_second_order_diffusion_share_3m,0.5701309813803083,0.5701309813803083
future_child_download_quality_mean_3m,future_child_future_child_count_median_3m,0.5692311590623614,0.5692311590623614
future_high_download_child_owner_breadth_3m,future_nonzero_download_child_share_3m,0.5685840399021985,0.5685840399021985
future_active_parent_binary_3m,future_high_download_child_owner_breadth_3m,0.567179878806442,0.567179878806442
future_child_download_quality_median_3m,future_child_future_child_count_median_3m,0.5668644688293024,0.5668644688293024
future_cross_owner_reuse_share_3m,future_high_like_child_count_3m,0.5665983346025457,0.5665983346025457
future_child_second_order_diffusion_share_3m,future_cross_owner_reuse_share_3m,0.5662700623043597,0.5662700623043597
future_child_like_quality_mean_3m,future_high_download_child_count_3m,0.5661249095548484,0.5661249095548484
future_child_becomes_parent_share_3m,future_child_like_quality_sum_3m,0.5641378751960004,0.5641378751960004
future_cross_owner_reuse_share_3m,future_high_download_child_count_3m,0.5560645132458445,0.5560645132458445
future_child_becomes_parent_share_3m,future_direct_children_3m,0.5536889645260281,0.5536889645260281
future_child_download_quality_median_3m,future_high_download_child_count_3m,0.5518272942459782,0.5518272942459782
future_child_like_quality_median_3m,future_high_download_child_count_3m,0.5508828977124411,0.5508828977124411
future_child_becomes_parent_share_3m,future_child_download_quality_sum_3m,0.5500931589248766,0.5500931589248766
future_child_download_quality_mean_3m,future_high_download_child_count_3m,0.549814089659516,0.549814089659516
future_active_parent_binary_3m,future_child_like_quality_sum_3m,0.5461804466328614,0.5461804466328614
future_child_like_quality_sum_3m,future_cross_owner_reuse_share_3m,0.5421268414144986,0.5421268414144986
future_child_becomes_parent_share_3m,future_high_like_child_count_3m,0.539978127495939,0.539978127495939
future_active_parent_binary_3m,future_high_download_child_count_3m,0.5310622319134731,0.5310622319134731
future_high_download_child_count_3m,future_nonzero_download_child_share_3m,0.5274679289742609,0.5274679289742609
future_child_becomes_parent_share_3m,future_child_owner_breadth_3m,0.5212447091017995,0.5212447091017995
future_high_like_child_count_3m,future_nonzero_download_child_share_3m,0.515528687996194,0.515528687996194
future_child_second_order_diffusion_share_3m,future_high_like_child_owner_breadth_3m,0.51438176875403,0.51438176875403
future_child_download_quality_sum_3m,future_child_future_child_count_median_3m,0.5140299539420743,0.5140299539420743
future_child_future_child_count_median_3m,future_high_like_child_owner_breadth_3m,0.5120960801447222,0.5120960801447222
future_child_future_child_count_median_3m,future_direct_children_3m,0.5043594496280015,0.5043594496280015
future_child_download_quality_sum_3m,future_child_second_order_diffusion_share_3m,0.50237201984419,0.50237201984419
future_child_download_quality_mean_3m,future_high_like_child_count_3m,0.5019707860279322,0.5019707860279322
future_child_download_quality_median_3m,future_high_like_child_count_3m,0.5006701238211342,0.5006701238211342
future_child_like_quality_sum_3m,future_nonzero_download_child_share_3m,0.49395345418140013,0.49395345418140013
future_child_becomes_parent_share_3m,future_high_download_child_count_3m,0.4931065734947872,0.4931065734947872
future_child_future_child_count_median_3m,future_child_like_quality_sum_3m,0.48805605945680147,0.48805605945680147
future_child_becomes_parent_share_3m,future_high_download_child_owner_breadth_3m,0.48669147632111837,0.48669147632111837
future_child_second_order_diffusion_share_3m,future_direct_children_3m,0.48613973176257397,0.48613973176257397
future_child_download_quality_mean_3m,future_child_like_quality_sum_3m,0.4813117275679387,0.4813117275679387
future_child_download_quality_median_3m,future_child_like_quality_sum_3m,0.4795982707111356,0.4795982707111356
future_child_future_child_count_median_3m,future_child_owner_breadth_3m,0.475306579271363,0.475306579271363
future_child_future_child_count_mean_3m,future_nonzero_download_child_share_3m,0.47413880396930386,0.47413880396930386
future_child_like_quality_sum_3m,future_child_second_order_diffusion_share_3m,0.4729863147408312,0.4729863147408312
future_active_parent_months_3m,future_child_future_child_count_mean_3m,0.4635005823440522,0.4635005823440522
future_active_parent_binary_3m,future_child_future_child_count_mean_3m,0.45203787159287867,0.45203787159287867
future_child_future_child_count_median_3m,future_high_like_child_count_3m,0.446182823556587,0.446182823556587
future_child_owner_breadth_3m,future_child_second_order_diffusion_share_3m,0.44569559560485605,0.44569559560485605
future_child_second_order_diffusion_share_3m,future_high_like_child_count_3m,0.44317416598460774,0.44317416598460774
future_child_future_child_count_median_3m,future_high_download_child_count_3m,0.44202307841515415,0.44202307841515415
future_child_second_order_diffusion_share_3m,future_high_download_child_count_3m,0.4343209826759595,0.4343209826759595
future_child_future_child_count_median_3m,future_high_download_child_owner_breadth_3m,0.4296123018399467,0.4296123018399467
future_child_download_quality_mean_3m,future_child_future_child_count_mean_3m,0.42423536679142104,0.42423536679142104
future_child_download_quality_median_3m,future_child_future_child_count_mean_3m,0.42211106162802403,0.42211106162802403
future_child_second_order_diffusion_share_3m,future_high_download_child_owner_breadth_3m,0.4198801037802144,0.4198801037802144
future_child_future_child_count_mean_3m,future_cross_owner_reuse_share_3m,0.41733961815706555,0.41733961815706555
future_child_future_child_count_mean_3m,future_high_like_child_owner_breadth_3m,0.3859348894518354,0.3859348894518354
future_child_future_child_count_mean_3m,future_child_like_quality_sum_3m,0.34824873173547194,0.34824873173547194
future_child_download_quality_sum_3m,future_child_future_child_count_mean_3m,0.34627418815881406,0.34627418815881406
future_child_future_child_count_mean_3m,future_direct_children_3m,0.33899043093377834,0.33899043093377834
future_child_future_child_count_mean_3m,future_high_like_child_count_3m,0.32461141214697053,0.32461141214697053
future_child_future_child_count_mean_3m,future_high_download_child_count_3m,0.29872056472821745,0.29872056472821745
future_child_future_child_count_mean_3m,future_child_owner_breadth_3m,0.29678497297362694,0.29678497297362694
future_child_future_child_count_mean_3m,future_high_download_child_owner_breadth_3m,0.28521520774139586,0.28521520774139586
