model_id,Downloads,Likes,S_C3_Q10,role,month,download_p90,modelrank_p90
BAAI/bge-large-zh-noinstruct,86.0,11.0,1.820515499251687,Long Tail,2024-07,219.0,1.8558965922405413
BAAI/bge-large-zh-noinstruct,269.0,11.0,0.30130340541217027,Popular Root,2024-08,116.0,0.2308944160471986
BAAI/bge-large-zh-noinstruct,74.0,11.0,3.972101896763363,Hidden Root,2024-09,100.0,0.2475988486003169
BAAI/bge-large-zh-noinstruct,364.0,11.0,0.41904929589298895,Popular Root,2024-10,75.0,0.238593793034825
BAAI/bge-large-zh-noinstruct,115.0,11.0,0.3277687022474995,Popular Root,2024-11,82.0,0.2028459520811253
BAAI/bge-large-zh-noinstruct,29.0,11.0,0.26541385562355874,Hidden Root,2024-12,51.0,0.1918775380863641
BAAI/bge-large-zh-noinstruct,100.0,11.0,0.254736324307235,Hidden Root,2025-01,119.0,0.1811518922358358
BAAI/bge-large-zh-noinstruct,116.0,11.0,0.2879605229961083,Popular Root,2025-02,111.0,0.1825346650438559
BAAI/bge-large-zh-noinstruct,165.0,11.0,0.29587643886124965,Popular Root,2025-03,61.0,0.1913654759481211
BAAI/bge-large-zh-noinstruct,77.0,11.0,0.39467694680084375,Popular Root,2025-04,48.0,0.2265555325290591
BAAI/bge-large-zh-noinstruct,223.0,11.0,0.3730877186463705,Popular Root,2025-05,29.0,0.1877114771442029
BAAI/bge-large-zh-noinstruct,150.0,11.0,0.2647673726617343,Popular Root,2025-06,73.0,0.1671328586157394
BAAI/bge-large-zh-noinstruct,138.0,11.0,0.30898151470345886,Popular Root,2025-07,46.0,0.1616196593713486
BAAI/bge-large-zh-noinstruct,56.0,11.0,0.28387199531918594,Popular Root,2025-08,37.0,0.1789208319783163
BAAI/bge-large-zh-noinstruct,153.0,11.0,0.2846759168950421,Popular Root,2025-09,56.0,0.1745556870024762
BAAI/bge-large-zh-noinstruct,105.0,11.0,0.46323189018303434,Popular Root,2025-10,56.0,0.2497182525588382
BAAI/bge-large-zh-noinstruct,79.0,11.0,0.2639721882756023,Hidden Root,2025-11,89.0,0.1764457011105828
BAAI/bge-large-zh-noinstruct,60.0,11.0,0.2294812511199075,Popular Root,2025-12,55.0,0.1615341957713476
BAAI/bge-large-zh-noinstruct,38.0,11.0,0.2835948330769499,Popular Root,2026-01,30.0,0.1954875292731835
BAAI/bge-large-zh-noinstruct,27.0,11.0,0.3656781560912248,Hidden Root,2026-02,45.0,0.2434687593373653
HuggingFaceTB/SmolVLM-Instruct-DPO,288.0,13.0,0.28902891253277174,Popular Root,2024-11,82.0,0.2028459520811253
HuggingFaceTB/SmolVLM-Instruct-DPO,424.0,15.0,0.3106302556082942,Popular Root,2024-12,51.0,0.1918775380863641
HuggingFaceTB/SmolVLM-Instruct-DPO,202.0,18.0,0.27356831691331657,Popular Root,2025-01,119.0,0.1811518922358358
HuggingFaceTB/SmolVLM-Instruct-DPO,105.0,19.0,0.23395265940517349,Hidden Root,2025-02,111.0,0.1825346650438559
HuggingFaceTB/SmolVLM-Instruct-DPO,180.0,19.0,0.2842058863700743,Popular Root,2025-03,61.0,0.1913654759481211
HuggingFaceTB/SmolVLM-Instruct-DPO,174.0,19.0,0.3545222114333462,Popular Root,2025-04,48.0,0.2265555325290591
HuggingFaceTB/SmolVLM-Instruct-DPO,73.0,20.0,0.2807879349227308,Popular Root,2025-05,29.0,0.1877114771442029
HuggingFaceTB/SmolVLM-Instruct-DPO,33.0,21.0,0.19413153021640026,Hidden Root,2025-06,73.0,0.1671328586157394
HuggingFaceTB/SmolVLM-Instruct-DPO,241.0,21.0,0.2697557951156968,Popular Root,2025-07,46.0,0.1616196593713486
HuggingFaceTB/SmolVLM-Instruct-DPO,113.0,22.0,0.28299882482629596,Popular Root,2025-08,37.0,0.1789208319783163
HuggingFaceTB/SmolVLM-Instruct-DPO,17.0,22.0,0.19296308103603171,Hidden Root,2025-09,56.0,0.1745556870024762
HuggingFaceTB/SmolVLM-Instruct-DPO,32.0,22.0,0.32321302442317723,Hidden Root,2025-10,56.0,0.2497182525588382
HuggingFaceTB/SmolVLM-Instruct-DPO,85.0,22.0,0.23203621268596353,Hidden Root,2025-11,89.0,0.1764457011105828
HuggingFaceTB/SmolVLM-Instruct-DPO,71.0,22.0,0.2135853789473478,Popular Root,2025-12,55.0,0.1615341957713476
HuggingFaceTB/SmolVLM-Instruct-DPO,32.0,22.0,0.279148260719854,Popular Root,2026-01,30.0,0.1954875292731835
HuggingFaceTB/SmolVLM-Instruct-DPO,95.0,22.0,0.3712325807569389,Popular Root,2026-02,45.0,0.2434687593373653
NousResearch/Hermes-2-Pro-Llama-3-70B,1386.0,28.0,6.328884068083001,Popular Root,2024-07,219.0,1.8558965922405413
NousResearch/Hermes-2-Pro-Llama-3-70B,240.0,30.0,0.7081272249088019,Popular Root,2024-08,116.0,0.2308944160471986
NousResearch/Hermes-2-Pro-Llama-3-70B,1732.0,31.0,3.219967140005855,Popular Root,2024-09,100.0,0.2475988486003169
NousResearch/Hermes-2-Pro-Llama-3-70B,244.0,31.0,0.9826080110825304,Popular Root,2024-10,75.0,0.238593793034825
NousResearch/Hermes-2-Pro-Llama-3-70B,242.0,31.0,0.7253877553703458,Popular Root,2024-11,82.0,0.2028459520811253
NousResearch/Hermes-2-Pro-Llama-3-70B,162.0,32.0,0.6439091652512049,Popular Root,2024-12,51.0,0.1918775380863641
NousResearch/Hermes-2-Pro-Llama-3-70B,49.0,32.0,0.5237160647348088,Hidden Root,2025-01,119.0,0.1811518922358358
NousResearch/Hermes-2-Pro-Llama-3-70B,64.0,32.0,0.54823098897969,Hidden Root,2025-02,111.0,0.1825346650438559
NousResearch/Hermes-2-Pro-Llama-3-70B,24.0,32.0,0.724041741592018,Hidden Root,2025-03,61.0,0.1913654759481211
NousResearch/Hermes-2-Pro-Llama-3-70B,16.0,32.0,0.7786514629652297,Hidden Root,2025-04,48.0,0.2265555325290591
NousResearch/Hermes-2-Pro-Llama-3-70B,30.0,32.0,0.6168849284040243,Popular Root,2025-05,29.0,0.1877114771442029
NousResearch/Hermes-2-Pro-Llama-3-70B,87.0,33.0,16.139481869885216,Popular Root,2025-06,73.0,0.1671328586157394
NousResearch/Hermes-2-Pro-Llama-3-70B,47.0,33.0,0.7617457755840247,Popular Root,2025-07,46.0,0.1616196593713486
NousResearch/Hermes-2-Pro-Llama-3-70B,118.0,33.0,0.8258362143912611,Popular Root,2025-08,37.0,0.1789208319783163
NousResearch/Hermes-2-Pro-Llama-3-70B,180.0,33.0,0.759572617850661,Popular Root,2025-09,56.0,0.1745556870024762
NousResearch/Hermes-2-Pro-Llama-3-70B,117.0,33.0,1.1952685976873274,Popular Root,2025-10,56.0,0.2497182525588382
NousResearch/Hermes-2-Pro-Llama-3-70B,116.0,33.0,0.825930556421596,Popular Root,2025-11,89.0,0.1764457011105828
NousResearch/Hermes-2-Pro-Llama-3-70B,148.0,33.0,20.151882985904255,Popular Root,2025-12,55.0,0.1615341957713476
NousResearch/Hermes-2-Pro-Llama-3-70B,57.0,33.0,0.6789873063367964,Popular Root,2026-01,30.0,0.1954875292731835
NousResearch/Hermes-2-Pro-Llama-3-70B,15.0,33.0,1.0271638163200687,Hidden Root,2026-02,45.0,0.2434687593373653
Qwen/Qwen2-Math-72B,672.0,26.0,0.3655743886493439,Popular Root,2024-08,116.0,0.2308944160471986
Qwen/Qwen2-Math-72B,262.0,27.0,0.38932090915069645,Popular Root,2024-09,100.0,0.2475988486003169
Qwen/Qwen2-Math-72B,190.0,28.0,0.37035668856385545,Popular Root,2024-10,75.0,0.238593793034825
Qwen/Qwen2-Math-72B,198.0,28.0,0.3013868889240926,Popular Root,2024-11,82.0,0.2028459520811253
Qwen/Qwen2-Math-72B,118.0,28.0,0.28675543151098964,Popular Root,2024-12,51.0,0.1918775380863641
Qwen/Qwen2-Math-72B,59.0,28.0,0.24719740480969288,Hidden Root,2025-01,119.0,0.1811518922358358
Qwen/Qwen2-Math-72B,46.0,30.0,13.327907871028687,Hidden Root,2025-02,111.0,0.1825346650438559
Qwen/Qwen2-Math-72B,77.0,30.0,0.4550298136168037,Popular Root,2025-03,61.0,0.1913654759481211
Qwen/Qwen2-Math-72B,124.0,30.0,0.739257090877993,Popular Root,2025-04,48.0,0.2265555325290591
Qwen/Qwen2-Math-72B,60.0,30.0,0.5849619344177027,Popular Root,2025-05,29.0,0.1877114771442029
Qwen/Qwen2-Math-72B,83.0,30.0,15.87897663132424,Popular Root,2025-06,73.0,0.1671328586157394
Qwen/Qwen2-Math-72B,234.0,30.0,0.555713611120632,Popular Root,2025-07,46.0,0.1616196593713486
Qwen/Qwen2-Math-72B,145.0,30.0,0.6362958851061139,Popular Root,2025-08,37.0,0.1789208319783163
Qwen/Qwen2-Math-72B,170.0,30.0,0.6157915694146484,Popular Root,2025-09,56.0,0.1745556870024762
Qwen/Qwen2-Math-72B,197.0,30.0,1.0059920261932398,Popular Root,2025-10,56.0,0.2497182525588382
Qwen/Qwen2-Math-72B,414.0,30.0,0.6676886770850127,Popular Root,2025-11,89.0,0.1764457011105828
Qwen/Qwen2-Math-72B,391.0,30.0,0.5334150663093687,Popular Root,2025-12,55.0,0.1615341957713476
Qwen/Qwen2-Math-72B,107.0,30.0,0.7383920979879032,Popular Root,2026-01,30.0,0.1954875292731835
Qwen/Qwen2-Math-72B,54.0,30.0,0.7435871065543581,Popular Root,2026-02,45.0,0.2434687593373653
deepseek-ai/DeepSeek-Prover-V1,110.0,2.0,0.21649659392147055,Long Tail,2024-08,116.0,0.2308944160471986
deepseek-ai/DeepSeek-Prover-V1,477.0,2.0,23.404450694184302,Popular Root,2024-09,100.0,0.2475988486003169
deepseek-ai/DeepSeek-Prover-V1,30.0,2.0,0.36575242625961407,Hidden Root,2024-10,75.0,0.238593793034825
deepseek-ai/DeepSeek-Prover-V1,19.0,2.0,0.4721077079553806,Hidden Root,2024-11,82.0,0.2028459520811253
deepseek-ai/DeepSeek-Prover-V1,205.0,2.0,0.34871697273332825,Popular Root,2024-12,51.0,0.1918775380863641
deepseek-ai/DeepSeek-Prover-V1,146.0,5.0,0.4489955251586414,Popular Root,2025-01,119.0,0.1811518922358358
deepseek-ai/DeepSeek-Prover-V1,138.0,6.0,0.5232825896447428,Popular Root,2025-02,111.0,0.1825346650438559
deepseek-ai/DeepSeek-Prover-V1,132.0,8.0,13.678908996860352,Popular Root,2025-03,61.0,0.1913654759481211
deepseek-ai/DeepSeek-Prover-V1,408.0,11.0,0.6272721402464184,Popular Root,2025-04,48.0,0.2265555325290591
deepseek-ai/DeepSeek-Prover-V1,425.0,11.0,0.7687478794796665,Popular Root,2025-05,29.0,0.1877114771442029
deepseek-ai/DeepSeek-Prover-V1,1117.0,11.0,0.668401028596887,Popular Root,2025-06,73.0,0.1671328586157394
deepseek-ai/DeepSeek-Prover-V1,927.0,11.0,24.35016764465318,Popular Root,2025-07,46.0,0.1616196593713486
deepseek-ai/DeepSeek-Prover-V1,1196.0,11.0,0.5751711476566514,Popular Root,2025-08,37.0,0.1789208319783163
deepseek-ai/DeepSeek-Prover-V1,757.0,11.0,0.7383266211619653,Popular Root,2025-09,56.0,0.1745556870024762
deepseek-ai/DeepSeek-Prover-V1,95.0,11.0,0.7863115535351071,Popular Root,2025-10,56.0,0.2497182525588382
deepseek-ai/DeepSeek-Prover-V1,82.0,11.0,0.7510326396260032,Hidden Root,2025-11,89.0,0.1764457011105828
deepseek-ai/DeepSeek-Prover-V1,121.0,11.0,0.6092328481570382,Popular Root,2025-12,55.0,0.1615341957713476
deepseek-ai/DeepSeek-Prover-V1,63.0,11.0,0.4612211378279307,Popular Root,2026-01,30.0,0.1954875292731835
deepseek-ai/DeepSeek-Prover-V1,19.0,11.0,0.5793379105481103,Hidden Root,2026-02,45.0,0.2434687593373653
deepseek-ai/DeepSeek-Prover-V1.5-SFT,447.0,6.0,9.798057109396487,Popular Root,2024-08,116.0,0.2308944160471986
deepseek-ai/DeepSeek-Prover-V1.5-SFT,93.0,6.0,2.878125578624942,Hidden Root,2024-09,100.0,0.2475988486003169
deepseek-ai/DeepSeek-Prover-V1.5-SFT,37.0,6.0,1.466050189001037,Hidden Root,2024-10,75.0,0.238593793034825
deepseek-ai/DeepSeek-Prover-V1.5-SFT,6249.0,6.0,12.499110453399465,Popular Root,2024-11,82.0,0.2028459520811253
deepseek-ai/DeepSeek-Prover-V1.5-SFT,3174.0,6.0,9.257062030690804,Popular Root,2024-12,51.0,0.1918775380863641
deepseek-ai/DeepSeek-Prover-V1.5-SFT,954.0,9.0,1.3236196884673341,Popular Root,2025-01,119.0,0.1811518922358358
deepseek-ai/DeepSeek-Prover-V1.5-SFT,5265.0,9.0,36.412086037968585,Popular Root,2025-02,111.0,0.1825346650438559
deepseek-ai/DeepSeek-Prover-V1.5-SFT,16205.0,10.0,19.824955082530764,Popular Root,2025-03,61.0,0.1913654759481211
deepseek-ai/DeepSeek-Prover-V1.5-SFT,17684.0,13.0,16.136280432252583,Popular Root,2025-04,48.0,0.2265555325290591
deepseek-ai/DeepSeek-Prover-V1.5-SFT,2724.0,13.0,14.18086699128613,Popular Root,2025-05,29.0,0.1877114771442029
deepseek-ai/DeepSeek-Prover-V1.5-SFT,11181.0,13.0,1.934573401066646,Popular Root,2025-06,73.0,0.1671328586157394
deepseek-ai/DeepSeek-Prover-V1.5-SFT,11053.0,13.0,82.45996042438598,Popular Root,2025-07,46.0,0.1616196593713486
deepseek-ai/DeepSeek-Prover-V1.5-SFT,5047.0,13.0,40.01142259492179,Popular Root,2025-08,37.0,0.1789208319783163
deepseek-ai/DeepSeek-Prover-V1.5-SFT,2201.0,13.0,2.334817605115084,Popular Root,2025-09,56.0,0.1745556870024762
deepseek-ai/DeepSeek-Prover-V1.5-SFT,274.0,13.0,2.5174427809283357,Popular Root,2025-10,56.0,0.2497182525588382
deepseek-ai/DeepSeek-Prover-V1.5-SFT,694.0,13.0,2.1036148372755945,Popular Root,2025-11,89.0,0.1764457011105828
deepseek-ai/DeepSeek-Prover-V1.5-SFT,1544.0,13.0,2.0228483740912604,Popular Root,2025-12,55.0,0.1615341957713476
deepseek-ai/DeepSeek-Prover-V1.5-SFT,1434.0,13.0,2.431976992361456,Popular Root,2026-01,30.0,0.1954875292731835
deepseek-ai/DeepSeek-Prover-V1.5-SFT,2414.0,13.0,2.817045664244775,Popular Root,2026-02,45.0,0.2434687593373653
google/codegemma-1.1-2b,927.0,17.0,2.546695222066961,Popular Root,2024-07,219.0,1.8558965922405413
google/codegemma-1.1-2b,286.0,17.0,0.3186929843776371,Popular Root,2024-08,116.0,0.2308944160471986
google/codegemma-1.1-2b,104.0,17.0,0.3298571392056849,Popular Root,2024-09,100.0,0.2475988486003169
google/codegemma-1.1-2b,142.0,17.0,0.33742883536579077,Popular Root,2024-10,75.0,0.238593793034825
google/codegemma-1.1-2b,49.0,17.0,0.23672175599467973,Hidden Root,2024-11,82.0,0.2028459520811253
google/codegemma-1.1-2b,152.0,17.0,0.2788139313011768,Popular Root,2024-12,51.0,0.1918775380863641
google/codegemma-1.1-2b,105.0,17.0,0.2502509288694134,Hidden Root,2025-01,119.0,0.1811518922358358
google/codegemma-1.1-2b,103.0,17.0,0.23015254222440584,Hidden Root,2025-02,111.0,0.1825346650438559
google/codegemma-1.1-2b,209.0,17.0,0.28570595422543466,Popular Root,2025-03,61.0,0.1913654759481211
google/codegemma-1.1-2b,56.0,17.0,0.3012127893525321,Popular Root,2025-04,48.0,0.2265555325290591
google/codegemma-1.1-2b,348.0,17.0,24.018591885199804,Popular Root,2025-05,29.0,0.1877114771442029
google/codegemma-1.1-2b,1743.0,18.0,16.11985902918062,Popular Root,2025-06,73.0,0.1671328586157394
google/codegemma-1.1-2b,1788.0,19.0,0.7790374400331876,Popular Root,2025-07,46.0,0.1616196593713486
google/codegemma-1.1-2b,2335.0,20.0,0.8604931861104941,Popular Root,2025-08,37.0,0.1789208319783163
google/codegemma-1.1-2b,1424.0,20.0,23.40886091681938,Popular Root,2025-09,56.0,0.1745556870024762
google/codegemma-1.1-2b,197.0,20.0,1.2464875055996019,Popular Root,2025-10,56.0,0.2497182525588382
google/codegemma-1.1-2b,148.0,20.0,23.57358284287891,Popular Root,2025-11,89.0,0.1764457011105828
google/codegemma-1.1-2b,92.0,20.0,0.708180202178301,Popular Root,2025-12,55.0,0.1615341957713476
google/codegemma-1.1-2b,121.0,21.0,1.0264612939740982,Popular Root,2026-01,30.0,0.1954875292731835
google/codegemma-1.1-2b,115.0,21.0,1.2165041067838034,Popular Root,2026-02,45.0,0.2434687593373653
google/timesfm-2.0-500m-pytorch,0.0,5.0,0.06307025692939665,Long Tail,2024-12,51.0,0.1918775380863641
google/timesfm-2.0-500m-pytorch,0.0,111.0,0.1563196045737563,Long Tail,2025-01,119.0,0.1811518922358358
google/timesfm-2.0-500m-pytorch,0.0,136.0,13.02053642629498,Hidden Root,2025-02,111.0,0.1825346650438559
google/timesfm-2.0-500m-pytorch,0.0,150.0,0.24727545723611813,Hidden Root,2025-03,61.0,0.1913654759481211
google/timesfm-2.0-500m-pytorch,0.0,156.0,0.32839092228783456,Hidden Root,2025-04,48.0,0.2265555325290591
google/timesfm-2.0-500m-pytorch,4225.0,171.0,0.612994891611764,Popular Root,2025-05,29.0,0.1877114771442029
google/timesfm-2.0-500m-pytorch,5681.0,182.0,0.48114572372579434,Popular Root,2025-06,73.0,0.1671328586157394
google/timesfm-2.0-500m-pytorch,6259.0,190.0,0.5200382258120051,Popular Root,2025-07,46.0,0.1616196593713486
google/timesfm-2.0-500m-pytorch,12744.0,206.0,0.623110143262553,Popular Root,2025-08,37.0,0.1789208319783163
google/timesfm-2.0-500m-pytorch,9218.0,226.0,0.5475951738068622,Popular Root,2025-09,56.0,0.1745556870024762
google/timesfm-2.0-500m-pytorch,10567.0,227.0,0.8422823675171042,Popular Root,2025-10,56.0,0.2497182525588382
google/timesfm-2.0-500m-pytorch,6752.0,228.0,0.5148103944434814,Popular Root,2025-11,89.0,0.1764457011105828
google/timesfm-2.0-500m-pytorch,8489.0,230.0,0.4932196398128426,Popular Root,2025-12,55.0,0.1615341957713476
google/timesfm-2.0-500m-pytorch,7308.0,232.0,0.7145085003840872,Popular Root,2026-01,30.0,0.1954875292731835
google/timesfm-2.0-500m-pytorch,9447.0,238.0,0.832031588739238,Popular Root,2026-02,45.0,0.2434687593373653
meta-llama/Llama-2-7b,0.0,4002.0,31.88018790292182,Hidden Root,2024-07,219.0,1.8558965922405413
meta-llama/Llama-2-7b,0.0,4045.0,64.11143650972376,Hidden Root,2024-08,116.0,0.2308944160471986
meta-llama/Llama-2-7b,0.0,4083.0,38.93360675747479,Hidden Root,2024-09,100.0,0.2475988486003169
meta-llama/Llama-2-7b,0.0,4138.0,129.629037286061,Hidden Root,2024-10,75.0,0.238593793034825
meta-llama/Llama-2-7b,0.0,4181.0,88.01822053575916,Hidden Root,2024-11,82.0,0.2028459520811253
meta-llama/Llama-2-7b,0.0,4206.0,119.42568875270322,Hidden Root,2024-12,51.0,0.1918775380863641
meta-llama/Llama-2-7b,0.0,4234.0,50.220058328026106,Hidden Root,2025-01,119.0,0.1811518922358358
meta-llama/Llama-2-7b,0.0,4270.0,29.91213808538911,Hidden Root,2025-02,111.0,0.1825346650438559
meta-llama/Llama-2-7b,0.0,4297.0,63.81339217448326,Hidden Root,2025-03,61.0,0.1913654759481211
meta-llama/Llama-2-7b,0.0,4318.0,99.0087465781389,Hidden Root,2025-04,48.0,0.2265555325290591
meta-llama/Llama-2-7b,0.0,4339.0,54.291777993470824,Hidden Root,2025-05,29.0,0.1877114771442029
meta-llama/Llama-2-7b,0.0,4363.0,86.22867318672232,Hidden Root,2025-06,73.0,0.1671328586157394
meta-llama/Llama-2-7b,897.0,4380.0,35.05082028137005,Popular Root,2025-07,46.0,0.1616196593713486
meta-llama/Llama-2-7b,509.0,4394.0,33.26534790282649,Popular Root,2025-08,37.0,0.1789208319783163
meta-llama/Llama-2-7b,742.0,4407.0,47.30226728129339,Popular Root,2025-09,56.0,0.1745556870024762
meta-llama/Llama-2-7b,530.0,4420.0,78.97460310234815,Popular Root,2025-10,56.0,0.2497182525588382
meta-llama/Llama-2-7b,489.0,4430.0,58.250898865974165,Popular Root,2025-11,89.0,0.1764457011105828
meta-llama/Llama-2-7b,362.0,4439.0,410.93159315675706,Popular Root,2025-12,55.0,0.1615341957713476
meta-llama/Llama-2-7b,314.0,4448.0,13.766526215118567,Popular Root,2026-01,30.0,0.1954875292731835
meta-llama/Llama-2-7b,228.0,4454.0,44.20564552058995,Popular Root,2026-02,45.0,0.2434687593373653
meta-llama/Llama-2-7b-chat,0.0,532.0,2.75993456466305,Hidden Root,2024-07,219.0,1.8558965922405413
meta-llama/Llama-2-7b-chat,0.0,543.0,0.4167495203474941,Hidden Root,2024-08,116.0,0.2308944160471986
meta-llama/Llama-2-7b-chat,0.0,547.0,0.48770232329036217,Hidden Root,2024-09,100.0,0.2475988486003169
meta-llama/Llama-2-7b-chat,0.0,554.0,0.5012870122045998,Hidden Root,2024-10,75.0,0.238593793034825
meta-llama/Llama-2-7b-chat,0.0,557.0,11.618413064486141,Hidden Root,2024-11,82.0,0.2028459520811253
meta-llama/Llama-2-7b-chat,0.0,565.0,0.36636214484217666,Hidden Root,2024-12,51.0,0.1918775380863641
meta-llama/Llama-2-7b-chat,0.0,572.0,0.4041199228481617,Hidden Root,2025-01,119.0,0.1811518922358358
meta-llama/Llama-2-7b-chat,0.0,576.0,0.4574848343094384,Hidden Root,2025-02,111.0,0.1825346650438559
meta-llama/Llama-2-7b-chat,0.0,583.0,0.3794006909323057,Hidden Root,2025-03,61.0,0.1913654759481211
meta-llama/Llama-2-7b-chat,0.0,590.0,0.4655720327887735,Hidden Root,2025-04,48.0,0.2265555325290591
meta-llama/Llama-2-7b-chat,0.0,600.0,0.4822687971128372,Hidden Root,2025-05,29.0,0.1877114771442029
meta-llama/Llama-2-7b-chat,0.0,604.0,0.3392295508447003,Hidden Root,2025-06,73.0,0.1671328586157394
meta-llama/Llama-2-7b-chat,178.0,609.0,0.5182089175794953,Popular Root,2025-07,46.0,0.1616196593713486
meta-llama/Llama-2-7b-chat,200.0,610.0,0.5778755057982571,Popular Root,2025-08,37.0,0.1789208319783163
meta-llama/Llama-2-7b-chat,145.0,613.0,0.4954826227514173,Popular Root,2025-09,56.0,0.1745556870024762
meta-llama/Llama-2-7b-chat,104.0,613.0,0.7899111618026842,Popular Root,2025-10,56.0,0.2497182525588382
meta-llama/Llama-2-7b-chat,102.0,613.0,0.5433196512713995,Popular Root,2025-11,89.0,0.1764457011105828
meta-llama/Llama-2-7b-chat,103.0,613.0,0.48205896261348113,Popular Root,2025-12,55.0,0.1615341957713476
meta-llama/Llama-2-7b-chat,159.0,613.0,0.5990074411828177,Popular Root,2026-01,30.0,0.1954875292731835
meta-llama/Llama-2-7b-chat,68.0,615.0,0.6907583263155377,Popular Root,2026-02,45.0,0.2434687593373653
mistralai/Pixtral-12B-2409,9.0,365.0,0.3587527481457608,Hidden Root,2024-09,100.0,0.2475988486003169
mistralai/Pixtral-12B-2409,0.0,483.0,13.217455049793552,Hidden Root,2024-10,75.0,0.238593793034825
mistralai/Pixtral-12B-2409,0.0,537.0,91.80644744269489,Hidden Root,2024-11,82.0,0.2028459520811253
mistralai/Pixtral-12B-2409,0.0,567.0,1.4204878575997362,Hidden Root,2024-12,51.0,0.1918775380863641
mistralai/Pixtral-12B-2409,0.0,599.0,24.899569958683724,Hidden Root,2025-01,119.0,0.1811518922358358
mistralai/Pixtral-12B-2409,0.0,621.0,23.482793124140162,Hidden Root,2025-02,111.0,0.1825346650438559
mistralai/Pixtral-12B-2409,0.0,627.0,1.8511920627942513,Hidden Root,2025-03,61.0,0.1913654759481211
mistralai/Pixtral-12B-2409,0.0,632.0,17.315672319224547,Hidden Root,2025-04,48.0,0.2265555325290591
mistralai/Pixtral-12B-2409,0.0,644.0,12.233673674563157,Hidden Root,2025-05,29.0,0.1877114771442029
mistralai/Pixtral-12B-2409,0.0,652.0,2.0700734271215087,Hidden Root,2025-06,73.0,0.1671328586157394
mistralai/Pixtral-12B-2409,3424.0,657.0,2.292225422020685,Popular Root,2025-07,46.0,0.1616196593713486
mistralai/Pixtral-12B-2409,1796.0,661.0,2.6821066031574095,Popular Root,2025-08,37.0,0.1789208319783163
mistralai/Pixtral-12B-2409,5498.0,667.0,44.160422885916375,Popular Root,2025-09,56.0,0.1745556870024762
mistralai/Pixtral-12B-2409,3754.0,670.0,22.442640721266503,Popular Root,2025-10,56.0,0.2497182525588382
mistralai/Pixtral-12B-2409,4326.0,670.0,29.58456891045613,Popular Root,2025-11,89.0,0.1764457011105828
mistralai/Pixtral-12B-2409,5354.0,674.0,80.90679711806156,Popular Root,2025-12,55.0,0.1615341957713476
mistralai/Pixtral-12B-2409,13853.0,674.0,3.781533111520236,Popular Root,2026-01,30.0,0.1954875292731835
mistralai/Pixtral-12B-2409,26423.0,678.0,20.456803023460807,Popular Root,2026-02,45.0,0.2434687593373653
mistralai/Pixtral-Large-Instruct-2411,382.0,357.0,0.4116314150391442,Popular Root,2024-11,82.0,0.2028459520811253
mistralai/Pixtral-Large-Instruct-2411,0.0,380.0,81.95003835624833,Hidden Root,2024-12,51.0,0.1918775380863641
mistralai/Pixtral-Large-Instruct-2411,8.0,394.0,1.2700391139194347,Hidden Root,2025-01,119.0,0.1811518922358358
mistralai/Pixtral-Large-Instruct-2411,17.0,396.0,1.1053615734456048,Hidden Root,2025-02,111.0,0.1825346650438559
mistralai/Pixtral-Large-Instruct-2411,21.0,404.0,14.18907451575686,Hidden Root,2025-03,61.0,0.1913654759481211
mistralai/Pixtral-Large-Instruct-2411,0.0,410.0,1.1136690808820082,Hidden Root,2025-04,48.0,0.2265555325290591
mistralai/Pixtral-Large-Instruct-2411,0.0,414.0,1.1426968711642755,Hidden Root,2025-05,29.0,0.1877114771442029
mistralai/Pixtral-Large-Instruct-2411,0.0,418.0,1.0963722446461446,Hidden Root,2025-06,73.0,0.1671328586157394
mistralai/Pixtral-Large-Instruct-2411,97.0,419.0,1.0521484827316858,Popular Root,2025-07,46.0,0.1616196593713486
mistralai/Pixtral-Large-Instruct-2411,29.0,420.0,1.1362580459449185,Hidden Root,2025-08,37.0,0.1789208319783163
mistralai/Pixtral-Large-Instruct-2411,37.0,422.0,1.0589037435432103,Hidden Root,2025-09,56.0,0.1745556870024762
mistralai/Pixtral-Large-Instruct-2411,65.0,424.0,1.0364896731959272,Popular Root,2025-10,56.0,0.2497182525588382
mistralai/Pixtral-Large-Instruct-2411,118.0,426.0,1.2355638510068314,Popular Root,2025-11,89.0,0.1764457011105828
mistralai/Pixtral-Large-Instruct-2411,76.0,430.0,1.138712775226434,Popular Root,2025-12,55.0,0.1615341957713476
mistralai/Pixtral-Large-Instruct-2411,77.0,430.0,0.9923398035730202,Popular Root,2026-01,30.0,0.1954875292731835
mistralai/Pixtral-Large-Instruct-2411,972.0,431.0,1.1457639788907874,Popular Root,2026-02,45.0,0.2434687593373653
nvidia/Minitron-4B-Base,123.0,41.0,2.8289720704410457,Hidden Root,2024-07,219.0,1.8558965922405413
nvidia/Minitron-4B-Base,545.0,117.0,25.317309861537716,Popular Root,2024-08,116.0,0.2308944160471986
nvidia/Minitron-4B-Base,236.0,127.0,46.525151908697474,Popular Root,2024-09,100.0,0.2475988486003169
nvidia/Minitron-4B-Base,25.0,126.0,38.90260215650185,Hidden Root,2024-10,75.0,0.238593793034825
nvidia/Minitron-4B-Base,49.0,127.0,51.63187098020187,Hidden Root,2024-11,82.0,0.2028459520811253
nvidia/Minitron-4B-Base,32.0,128.0,3.3644102574980423,Hidden Root,2024-12,51.0,0.1918775380863641
nvidia/Minitron-4B-Base,409.0,129.0,8.164771241523232,Popular Root,2025-01,119.0,0.1811518922358358
nvidia/Minitron-4B-Base,556.0,133.0,28.02598512267829,Popular Root,2025-02,111.0,0.1825346650438559
nvidia/Minitron-4B-Base,558.0,134.0,4.244721009228449,Popular Root,2025-03,61.0,0.1913654759481211
nvidia/Minitron-4B-Base,556.0,134.0,61.96532965368857,Popular Root,2025-04,48.0,0.2265555325290591
nvidia/Minitron-4B-Base,1254.0,134.0,4.930338960842855,Popular Root,2025-05,29.0,0.1877114771442029
nvidia/Minitron-4B-Base,1808.0,134.0,88.98078526242799,Popular Root,2025-06,73.0,0.1671328586157394
nvidia/Minitron-4B-Base,1774.0,134.0,47.863731896095665,Popular Root,2025-07,46.0,0.1616196593713486
nvidia/Minitron-4B-Base,1540.0,134.0,19.724075753752672,Popular Root,2025-08,37.0,0.1789208319783163
nvidia/Minitron-4B-Base,1000.0,134.0,5.048053532434338,Popular Root,2025-09,56.0,0.1745556870024762
nvidia/Minitron-4B-Base,513.0,134.0,7.353796648617916,Popular Root,2025-10,56.0,0.2497182525588382
nvidia/Minitron-4B-Base,967.0,134.0,5.239481111643102,Popular Root,2025-11,89.0,0.1764457011105828
nvidia/Minitron-4B-Base,298.0,135.0,5.248567700613269,Popular Root,2025-12,55.0,0.1615341957713476
nvidia/Minitron-4B-Base,831.0,136.0,22.2416580009726,Popular Root,2026-01,30.0,0.1954875292731835
nvidia/Minitron-4B-Base,3009.0,136.0,34.84665427085989,Popular Root,2026-02,45.0,0.2434687593373653
nvidia/Minitron-8B-Base,167.0,30.0,2.939492263843644,Hidden Root,2024-07,219.0,1.8558965922405413
nvidia/Minitron-8B-Base,592.0,60.0,4.670276539310648,Popular Root,2024-08,116.0,0.2308944160471986
nvidia/Minitron-8B-Base,25.0,64.0,0.8269235679526762,Hidden Root,2024-09,100.0,0.2475988486003169
nvidia/Minitron-8B-Base,99.0,63.0,0.9503440595291125,Popular Root,2024-10,75.0,0.238593793034825
nvidia/Minitron-8B-Base,41.0,63.0,0.6948429863392793,Hidden Root,2024-11,82.0,0.2028459520811253
nvidia/Minitron-8B-Base,18.0,63.0,0.5760703342737744,Hidden Root,2024-12,51.0,0.1918775380863641
nvidia/Minitron-8B-Base,402.0,63.0,0.635804777473886,Popular Root,2025-01,119.0,0.1811518922358358
nvidia/Minitron-8B-Base,7739.0,64.0,13.759659541339776,Popular Root,2025-02,111.0,0.1825346650438559
nvidia/Minitron-8B-Base,6483.0,66.0,0.8763756013543229,Popular Root,2025-03,61.0,0.1913654759481211
nvidia/Minitron-8B-Base,5646.0,66.0,14.50109063913008,Popular Root,2025-04,48.0,0.2265555325290591
nvidia/Minitron-8B-Base,7522.0,67.0,12.831728915028863,Popular Root,2025-05,29.0,0.1877114771442029
nvidia/Minitron-8B-Base,8704.0,68.0,0.9609524978429134,Popular Root,2025-06,73.0,0.1671328586157394
nvidia/Minitron-8B-Base,9990.0,68.0,0.9569416293641821,Popular Root,2025-07,46.0,0.1616196593713486
nvidia/Minitron-8B-Base,17747.0,69.0,1.0223063466952553,Popular Root,2025-08,37.0,0.1789208319783163
nvidia/Minitron-8B-Base,18926.0,69.0,0.9761519249296612,Popular Root,2025-09,56.0,0.1745556870024762
nvidia/Minitron-8B-Base,11581.0,69.0,1.3666927089974148,Popular Root,2025-10,56.0,0.2497182525588382
nvidia/Minitron-8B-Base,10813.0,69.0,1.024338272161679,Popular Root,2025-11,89.0,0.1764457011105828
nvidia/Minitron-8B-Base,9528.0,69.0,0.8920903297066667,Popular Root,2025-12,55.0,0.1615341957713476
nvidia/Minitron-8B-Base,9149.0,69.0,1.037323112544471,Popular Root,2026-01,30.0,0.1954875292731835
nvidia/Minitron-8B-Base,8220.0,69.0,1.3373469253003933,Popular Root,2026-02,45.0,0.2434687593373653
nvidia/Mistral-NeMo-12B-Base,169.0,24.0,2.188205914229773,Hidden Root,2024-07,219.0,1.8558965922405413
nvidia/Mistral-NeMo-12B-Base,467.0,25.0,0.3506265988760482,Popular Root,2024-08,116.0,0.2308944160471986
nvidia/Mistral-NeMo-12B-Base,182.0,27.0,0.37346415901744434,Popular Root,2024-09,100.0,0.2475988486003169
nvidia/Mistral-NeMo-12B-Base,70.0,28.0,0.32783686192252887,Hidden Root,2024-10,75.0,0.238593793034825
nvidia/Mistral-NeMo-12B-Base,39.0,29.0,0.24673302522094467,Hidden Root,2024-11,82.0,0.2028459520811253
nvidia/Mistral-NeMo-12B-Base,36.0,29.0,0.24682772482904342,Hidden Root,2024-12,51.0,0.1918775380863641
nvidia/Mistral-NeMo-12B-Base,33.0,33.0,0.23365027642412156,Hidden Root,2025-01,119.0,0.1811518922358358
nvidia/Mistral-NeMo-12B-Base,48.0,35.0,0.2283374284760981,Hidden Root,2025-02,111.0,0.1825346650438559
nvidia/Mistral-NeMo-12B-Base,40.0,35.0,0.25308984407171353,Hidden Root,2025-03,61.0,0.1913654759481211
nvidia/Mistral-NeMo-12B-Base,35.0,37.0,0.313710731446695,Hidden Root,2025-04,48.0,0.2265555325290591
nvidia/Mistral-NeMo-12B-Base,226.0,38.0,0.3472700584712738,Popular Root,2025-05,29.0,0.1877114771442029
nvidia/Mistral-NeMo-12B-Base,107.0,39.0,0.2455762658576998,Popular Root,2025-06,73.0,0.1671328586157394
nvidia/Mistral-NeMo-12B-Base,78.0,39.0,0.25335495472113717,Popular Root,2025-07,46.0,0.1616196593713486
nvidia/Mistral-NeMo-12B-Base,83.0,40.0,0.29280265073412703,Popular Root,2025-08,37.0,0.1789208319783163
nvidia/Mistral-NeMo-12B-Base,162.0,40.0,0.28203216729318054,Popular Root,2025-09,56.0,0.1745556870024762
nvidia/Mistral-NeMo-12B-Base,292.0,40.0,0.4578075714104113,Popular Root,2025-10,56.0,0.2497182525588382
nvidia/Mistral-NeMo-12B-Base,165.0,40.0,23.573645194759738,Popular Root,2025-11,89.0,0.1764457011105828
nvidia/Mistral-NeMo-12B-Base,162.0,40.0,140.33071918588894,Popular Root,2025-12,55.0,0.1615341957713476
nvidia/Mistral-NeMo-12B-Base,59.0,42.0,34.958758489956566,Popular Root,2026-01,30.0,0.1954875292731835
nvidia/Mistral-NeMo-12B-Base,115.0,42.0,2.940823814659234,Popular Root,2026-02,45.0,0.2434687593373653
nvidia/Nemotron-Mini-4B-Instruct,2839.0,105.0,38.99130020076207,Popular Root,2024-09,100.0,0.2475988486003169
nvidia/Nemotron-Mini-4B-Instruct,81.0,126.0,15.273225403420998,Popular Root,2024-10,75.0,0.238593793034825
nvidia/Nemotron-Mini-4B-Instruct,57.0,132.0,58.374118395764235,Hidden Root,2024-11,82.0,0.2028459520811253
nvidia/Nemotron-Mini-4B-Instruct,30.0,140.0,1.866642928935944,Hidden Root,2024-12,51.0,0.1918775380863641
nvidia/Nemotron-Mini-4B-Instruct,94.0,148.0,7.287741644331007,Hidden Root,2025-01,119.0,0.1811518922358358
nvidia/Nemotron-Mini-4B-Instruct,2656.0,159.0,15.302094054401849,Popular Root,2025-02,111.0,0.1825346650438559
nvidia/Nemotron-Mini-4B-Instruct,1944.0,161.0,2.501406853437432,Popular Root,2025-03,61.0,0.1913654759481211
nvidia/Nemotron-Mini-4B-Instruct,524.0,160.0,29.572102310621094,Popular Root,2025-04,48.0,0.2265555325290591
nvidia/Nemotron-Mini-4B-Instruct,2299.0,164.0,2.7033658505444564,Popular Root,2025-05,29.0,0.1877114771442029
nvidia/Nemotron-Mini-4B-Instruct,3850.0,167.0,2.3818833580141283,Popular Root,2025-06,73.0,0.1671328586157394
nvidia/Nemotron-Mini-4B-Instruct,1703.0,167.0,1.9002758265602142,Popular Root,2025-07,46.0,0.1616196593713486
nvidia/Nemotron-Mini-4B-Instruct,2399.0,169.0,2.055632841169213,Popular Root,2025-08,37.0,0.1789208319783163
nvidia/Nemotron-Mini-4B-Instruct,3845.0,169.0,2.466299316332792,Popular Root,2025-09,56.0,0.1745556870024762
nvidia/Nemotron-Mini-4B-Instruct,1783.0,170.0,3.734993036729549,Popular Root,2025-10,56.0,0.2497182525588382
nvidia/Nemotron-Mini-4B-Instruct,1341.0,171.0,2.605061886829728,Popular Root,2025-11,89.0,0.1764457011105828
nvidia/Nemotron-Mini-4B-Instruct,5622.0,173.0,2.6059930390896917,Popular Root,2025-12,55.0,0.1615341957713476
nvidia/Nemotron-Mini-4B-Instruct,16620.0,176.0,22.099270653268704,Popular Root,2026-01,30.0,0.1954875292731835
nvidia/Nemotron-Mini-4B-Instruct,23173.0,176.0,35.94116076345106,Popular Root,2026-02,45.0,0.2434687593373653
