stratum_type,stratum_value,method,total_pairs,decisive_expert_pairs,direction_coverage_numerator,direction_coverage_denominator,direction_coverage,method_ties,numerator,denominator,agreement,wilson_ci95_low,wilson_ci95_high
task,audio_classification,S3,60,40,60,60,1.0,0,24.0,40,0.6,0.44595893660346186,0.7365167431570808
task,audio_classification,Full ModelRank,60,40,60,60,1.0,0,20.0,40,0.5,0.35199526933465386,0.6480047306653461
task,audio_classification,AllTime DerivCount,60,40,10,60,0.16666666666666666,50,7.0,40,0.175,0.0874541374603592,0.31949990331787714
task,audio_classification,Current DerivCount,60,40,0,60,0.0,60,0.0,40,0.0,0.0,0.08762160119728664
task,audio_classification,Vanilla PageRank,60,40,10,60,0.16666666666666666,50,7.0,40,0.175,0.0874541374603592,0.31949990331787714
task,audio_classification,Downloads,60,40,55,60,0.9166666666666666,5,16.0,40,0.4,0.2634832568429192,0.5540410633965381
task,audio_classification,Likes,60,40,13,60,0.21666666666666667,47,7.0,40,0.175,0.0874541374603592,0.31949990331787714
task,automatic_speech_recognition,S3,60,40,60,60,1.0,0,21.0,40,0.525,0.3749736210669248,0.670645298873211
task,automatic_speech_recognition,Full ModelRank,60,40,60,60,1.0,0,18.0,40,0.45,0.3070530781090492,0.6017090820106794
task,automatic_speech_recognition,AllTime DerivCount,60,40,8,60,0.13333333333333333,52,3.0,40,0.075,0.025836025774588198,0.19864233524310543
task,automatic_speech_recognition,Current DerivCount,60,40,0,60,0.0,60,0.0,40,0.0,0.0,0.08762160119728664
task,automatic_speech_recognition,Vanilla PageRank,60,40,10,60,0.16666666666666666,50,3.0,40,0.075,0.025836025774588198,0.19864233524310543
task,automatic_speech_recognition,Downloads,60,40,57,60,0.95,3,18.0,40,0.45,0.3070530781090492,0.6017090820106794
task,automatic_speech_recognition,Likes,60,40,9,60,0.15,51,5.0,40,0.125,0.05459500250945401,0.261121198388511
task,text_classification,S3,60,25,60,60,1.0,0,16.0,25,0.64,0.44518497748164865,0.7975211922554178
task,text_classification,Full ModelRank,60,25,60,60,1.0,0,14.0,25,0.56,0.3706733186979878,0.7333436111893266
task,text_classification,AllTime DerivCount,60,25,2,60,0.03333333333333333,58,0.0,25,0.0,1.3877787807814457e-17,0.13319225093904846
task,text_classification,Current DerivCount,60,25,0,60,0.0,60,0.0,25,0.0,1.3877787807814457e-17,0.13319225093904846
task,text_classification,Vanilla PageRank,60,25,2,60,0.03333333333333333,58,0.0,25,0.0,1.3877787807814457e-17,0.13319225093904846
task,text_classification,Downloads,60,25,52,60,0.8666666666666667,8,17.0,25,0.68,0.48410269273102247,0.8279480969309202
task,text_classification,Likes,60,25,14,60,0.23333333333333334,46,2.0,25,0.08,0.022220401284847563,0.24966108950395313
task,token_classification,S3,60,34,60,60,1.0,0,15.0,34,0.4411764705882353,0.2888348224624216,0.6054610074379694
task,token_classification,Full ModelRank,60,34,60,60,1.0,0,14.0,34,0.4117647058823529,0.2636596836387115,0.5777840612118749
task,token_classification,AllTime DerivCount,60,34,3,60,0.05,57,2.0,34,0.058823529411764705,0.016282655210122746,0.19093606904280996
task,token_classification,Current DerivCount,60,34,0,60,0.0,60,0.0,34,0.0,0.0,0.10151455415332376
task,token_classification,Vanilla PageRank,60,34,3,60,0.05,57,2.0,34,0.058823529411764705,0.016282655210122746,0.19093606904280996
task,token_classification,Downloads,60,34,58,60,0.9666666666666667,2,13.0,34,0.38235294117647056,0.23900183324508897,0.549589826555693
task,token_classification,Likes,60,34,11,60,0.18333333333333332,49,3.0,34,0.08823529411764706,0.030465943674648555,0.22960486562808868
assigned_comparator,AllTime DerivCount,S3,40,25,40,40,1.0,0,14.0,25,0.56,0.3706733186979878,0.7333436111893266
assigned_comparator,AllTime DerivCount,Full ModelRank,40,25,40,40,1.0,0,13.0,25,0.52,0.3349851695035678,0.6996871404588704
assigned_comparator,AllTime DerivCount,AllTime DerivCount,40,25,0,40,0.0,40,0.0,25,0.0,1.3877787807814457e-17,0.13319225093904846
assigned_comparator,AllTime DerivCount,Current DerivCount,40,25,0,40,0.0,40,0.0,25,0.0,1.3877787807814457e-17,0.13319225093904846
assigned_comparator,AllTime DerivCount,Vanilla PageRank,40,25,0,40,0.0,40,0.0,25,0.0,1.3877787807814457e-17,0.13319225093904846
assigned_comparator,AllTime DerivCount,Downloads,40,25,39,40,0.975,1,13.0,25,0.52,0.3349851695035678,0.6996871404588704
assigned_comparator,AllTime DerivCount,Likes,40,25,8,40,0.2,32,3.0,25,0.12,0.04166817150440358,0.2995579392092732
assigned_comparator,Current DerivCount,S3,40,23,40,40,1.0,0,7.0,23,0.30434782608695654,0.15604024453214022,0.508657562687592
assigned_comparator,Current DerivCount,Full ModelRank,40,23,40,40,1.0,0,7.0,23,0.30434782608695654,0.15604024453214022,0.508657562687592
assigned_comparator,Current DerivCount,AllTime DerivCount,40,23,1,40,0.025,39,0.0,23,0.0,0.0,0.14311661845042686
assigned_comparator,Current DerivCount,Current DerivCount,40,23,0,40,0.0,40,0.0,23,0.0,0.0,0.14311661845042686
assigned_comparator,Current DerivCount,Vanilla PageRank,40,23,1,40,0.025,39,0.0,23,0.0,0.0,0.14311661845042686
assigned_comparator,Current DerivCount,Downloads,40,23,40,40,1.0,0,7.0,23,0.30434782608695654,0.15604024453214022,0.508657562687592
assigned_comparator,Current DerivCount,Likes,40,23,2,40,0.05,38,0.0,23,0.0,0.0,0.14311661845042686
assigned_comparator,Downloads,S3,40,24,40,40,1.0,0,15.0,24,0.625,0.42709962442674276,0.7884063244045122
assigned_comparator,Downloads,Full ModelRank,40,24,40,40,1.0,0,14.0,24,0.5833333333333334,0.3883466586522876,0.7553239739018824
assigned_comparator,Downloads,AllTime DerivCount,40,24,13,40,0.325,27,7.0,24,0.2916666666666667,0.14914648196960875,0.49167693664496637
assigned_comparator,Downloads,Current DerivCount,40,24,0,40,0.0,40,0.0,24,0.0,1.3877787807814457e-17,0.13797620467498017
assigned_comparator,Downloads,Vanilla PageRank,40,24,15,40,0.375,25,7.0,24,0.2916666666666667,0.14914648196960875,0.49167693664496637
assigned_comparator,Downloads,Downloads,40,24,25,40,0.625,15,7.0,24,0.2916666666666667,0.14914648196960875,0.49167693664496637
assigned_comparator,Downloads,Likes,40,24,25,40,0.625,15,8.0,24,0.3333333333333333,0.1797219032729775,0.5329368316186824
assigned_comparator,Full ModelRank,S3,40,22,40,40,1.0,0,15.0,22,0.6818181818181818,0.47318597741042745,0.8363940681864375
assigned_comparator,Full ModelRank,Full ModelRank,40,22,40,40,1.0,0,7.0,22,0.3181818181818182,0.1636059318135624,0.5268140225895723
assigned_comparator,Full ModelRank,AllTime DerivCount,40,22,7,40,0.175,33,4.0,22,0.18181818181818182,0.07306884583422052,0.38516607437126543
assigned_comparator,Full ModelRank,Current DerivCount,40,22,0,40,0.0,40,0.0,22,0.0,0.0,0.14865487460862087
assigned_comparator,Full ModelRank,Vanilla PageRank,40,22,7,40,0.175,33,4.0,22,0.18181818181818182,0.07306884583422052,0.38516607437126543
assigned_comparator,Full ModelRank,Downloads,40,22,40,40,1.0,0,12.0,22,0.5454545454545454,0.3465979532073494,0.7307970581918668
assigned_comparator,Full ModelRank,Likes,40,22,3,40,0.075,37,1.0,22,0.045454545454545456,0.00806942762126385,0.21798045838657332
assigned_comparator,Likes,S3,40,19,40,40,1.0,0,8.0,19,0.42105263157894735,0.23141891282454238,0.6372409646574496
assigned_comparator,Likes,Full ModelRank,40,19,40,40,1.0,0,8.0,19,0.42105263157894735,0.23141891282454238,0.6372409646574496
assigned_comparator,Likes,AllTime DerivCount,40,19,0,40,0.0,40,0.0,19,0.0,0.0,0.16817922405261626
assigned_comparator,Likes,Current DerivCount,40,19,0,40,0.0,40,0.0,19,0.0,0.0,0.16817922405261626
assigned_comparator,Likes,Vanilla PageRank,40,19,0,40,0.0,40,0.0,19,0.0,0.0,0.16817922405261626
assigned_comparator,Likes,Downloads,40,19,40,40,1.0,0,8.0,19,0.42105263157894735,0.23141891282454238,0.6372409646574496
assigned_comparator,Likes,Likes,40,19,0,40,0.0,40,0.0,19,0.0,0.0,0.16817922405261626
assigned_comparator,Vanilla PageRank,S3,40,26,40,40,1.0,0,17.0,26,0.6538461538461539,0.46220571188810816,0.8058776967705947
assigned_comparator,Vanilla PageRank,Full ModelRank,40,26,40,40,1.0,0,17.0,26,0.6538461538461539,0.46220571188810816,0.8058776967705947
assigned_comparator,Vanilla PageRank,AllTime DerivCount,40,26,2,40,0.05,38,1.0,26,0.038461538461538464,0.006821984993543487,0.18892778903034757
assigned_comparator,Vanilla PageRank,Current DerivCount,40,26,0,40,0.0,40,0.0,26,0.0,0.0,0.1287289218592153
assigned_comparator,Vanilla PageRank,Vanilla PageRank,40,26,2,40,0.05,38,1.0,26,0.038461538461538464,0.006821984993543487,0.18892778903034757
assigned_comparator,Vanilla PageRank,Downloads,40,26,38,40,0.95,2,17.0,26,0.6538461538461539,0.46220571188810816,0.8058776967705947
assigned_comparator,Vanilla PageRank,Likes,40,26,9,40,0.225,31,5.0,26,0.19230769230769232,0.0850706114894241,0.3787625711931699
relation_type,opposite_order,S3,65,38,65,65,1.0,0,24.0,38,0.631578947368421,0.47283959557009003,0.7661578075284404
relation_type,opposite_order,Full ModelRank,65,38,65,65,1.0,0,17.0,38,0.4473684210526316,0.3014640099805125,0.6029370287800753
relation_type,opposite_order,AllTime DerivCount,65,38,17,65,0.26153846153846155,48,8.0,38,0.21052631578947367,0.11074791842995879,0.363457794753274
relation_type,opposite_order,Current DerivCount,65,38,0,65,0.0,65,0.0,38,0.0,0.0,0.09180986822558396
relation_type,opposite_order,Vanilla PageRank,65,38,18,65,0.27692307692307694,47,8.0,38,0.21052631578947367,0.11074791842995879,0.363457794753274
relation_type,opposite_order,Downloads,65,38,65,65,1.0,0,19.0,38,0.5,0.34849928364395105,0.6515007163560489
relation_type,opposite_order,Likes,65,38,17,65,0.26153846153846155,48,6.0,38,0.15789473684210525,0.07443863415158927,0.3041681177922313
relation_type,s3_order_baseline_tie,S3,175,101,175,175,1.0,0,52.0,101,0.5148514851485149,0.41863926595785556,0.6099753683074952
relation_type,s3_order_baseline_tie,Full ModelRank,175,101,175,175,1.0,0,49.0,101,0.48514851485148514,0.39002463169250473,0.5813607340421444
relation_type,s3_order_baseline_tie,AllTime DerivCount,175,101,6,175,0.03428571428571429,169,4.0,101,0.039603960396039604,0.015507146202925828,0.0974391915711991
relation_type,s3_order_baseline_tie,Current DerivCount,175,101,0,175,0.0,175,0.0,101,0.0,0.0,0.03664064639985608
relation_type,s3_order_baseline_tie,Vanilla PageRank,175,101,7,175,0.04,168,4.0,101,0.039603960396039604,0.015507146202925828,0.0974391915711991
relation_type,s3_order_baseline_tie,Downloads,175,101,157,175,0.8971428571428571,18,45.0,101,0.44554455445544555,0.35237950540611346,0.542700168954267
relation_type,s3_order_baseline_tie,Likes,175,101,30,175,0.17142857142857143,145,11.0,101,0.10891089108910891,0.06191128093458513,0.18457001674451023
