family,metric,statistic,method,mean,count
adoption_breadth,future_child_owner_breadth_3m,lift,AllTime DerivCount,3.8432433966500157,6
adoption_breadth,future_child_owner_breadth_3m,lift,Current DerivCount,2.2519040208927135,6
adoption_breadth,future_child_owner_breadth_3m,lift,Downloads,2.726524246894005,6
adoption_breadth,future_child_owner_breadth_3m,lift,EventValue_time_safe_typed,2.2519040208927135,6
adoption_breadth,future_child_owner_breadth_3m,lift,Likes,3.7865439866762265,6
adoption_breadth,future_child_owner_breadth_3m,lift,MTPR_time_safe_typed,3.9031025353706448,6
adoption_breadth,future_child_owner_breadth_3m,lift,No PageRank propagation,3.8097567308428553,6
adoption_breadth,future_child_owner_breadth_3m,lift,No child quality,3.9473785210818044,6
adoption_breadth,future_child_owner_breadth_3m,lift,No event injection,3.8634890613294393,6
adoption_breadth,future_child_owner_breadth_3m,lift,No parent size,3.8699226620780567,6
adoption_breadth,future_child_owner_breadth_3m,lift,No quality teleport,3.682159069442959,6
adoption_breadth,future_child_owner_breadth_3m,lift,No temporal inheritance,3.840272703962544,6
adoption_breadth,future_child_owner_breadth_3m,lift,No type weight,3.936022222844984,6
adoption_breadth,future_child_owner_breadth_3m,lift,No-Propagation ModelRank,3.8550837212183446,6
adoption_breadth,future_child_owner_breadth_3m,lift,S_C3_Q10,4.150095992949706,6
adoption_breadth,future_child_owner_breadth_3m,lift,S_D_000,3.8550837212183446,6
adoption_breadth,future_child_owner_breadth_3m,lift,S_D_025,4.1548562671147575,6
adoption_breadth,future_child_owner_breadth_3m,lift,S_D_050,4.165409288483681,6
adoption_breadth,future_child_owner_breadth_3m,lift,S_D_065,4.159381421692996,6
adoption_breadth,future_child_owner_breadth_3m,lift,S_D_075,4.156414277879817,6
adoption_breadth,future_child_owner_breadth_3m,lift,S_D_090,4.152261480309217,6
adoption_breadth,future_child_owner_breadth_3m,lift,S_D_095,4.157331755373735,6
adoption_breadth,future_child_owner_breadth_3m,lift,S_D_099,4.159415685934719,6
adoption_breadth,future_child_owner_breadth_3m,lift,S_MEM_01,3.8550837212183446,6
adoption_breadth,future_child_owner_breadth_3m,lift,S_MEM_03,4.114886547731249,6
adoption_breadth,future_child_owner_breadth_3m,lift,S_MEM_06,4.200639598972209,6
adoption_breadth,future_child_owner_breadth_3m,lift,S_MEM_12,4.184133698124497,6
adoption_breadth,future_child_owner_breadth_3m,lift,S_Q_000,2.4789515003996794,6
adoption_breadth,future_child_owner_breadth_3m,lift,S_Q_005,4.150095992949706,6
adoption_breadth,future_child_owner_breadth_3m,lift,S_Q_015,4.150095992949706,6
adoption_breadth,future_child_owner_breadth_3m,lift,S_Q_020,4.150095992949706,6
adoption_breadth,future_child_owner_breadth_3m,lift,S_Q_030,4.150095992949706,6
adoption_breadth,future_child_owner_breadth_3m,lift,S_Q_040,4.150095992949706,6
adoption_breadth,future_child_owner_breadth_3m,lift,S_Q_050,4.150095992949706,6
adoption_breadth,future_child_owner_breadth_3m,lift,S_Q_060,4.150095992949706,6
adoption_breadth,future_child_owner_breadth_3m,lift,S_Q_070,4.150095992949706,6
adoption_breadth,future_child_owner_breadth_3m,lift,S_Q_080,4.149573036152464,6
adoption_breadth,future_child_owner_breadth_3m,lift,S_Q_090,4.149050079355224,6
adoption_breadth,future_child_owner_breadth_3m,lift,S_Q_100,4.116085550389861,6
adoption_breadth,future_child_owner_breadth_3m,lift,S_WD_000,4.131877499212359,6
adoption_breadth,future_child_owner_breadth_3m,lift,S_WD_025,4.340788775292151,6
adoption_breadth,future_child_owner_breadth_3m,lift,S_WD_075,3.992302501785064,6
adoption_breadth,future_child_owner_breadth_3m,lift,S_WD_100,3.9157631057879403,6
adoption_breadth,future_child_owner_breadth_3m,lift,Simplified_MTPR_time_safe_typed,3.808063152296725,6
adoption_breadth,future_child_owner_breadth_3m,lift,Vanilla PageRank,3.8432433966500157,6
adoption_breadth,future_cross_owner_reuse_share_3m,lift,AllTime DerivCount,4.385781110554834,6
adoption_breadth,future_cross_owner_reuse_share_3m,lift,Current DerivCount,2.300097156803677,6
adoption_breadth,future_cross_owner_reuse_share_3m,lift,Downloads,3.1328371934960906,6
adoption_breadth,future_cross_owner_reuse_share_3m,lift,EventValue_time_safe_typed,2.300097156803677,6
adoption_breadth,future_cross_owner_reuse_share_3m,lift,Likes,4.500741137247552,6
adoption_breadth,future_cross_owner_reuse_share_3m,lift,MTPR_time_safe_typed,4.488085319824542,6
adoption_breadth,future_cross_owner_reuse_share_3m,lift,No PageRank propagation,4.366736916528134,6
adoption_breadth,future_cross_owner_reuse_share_3m,lift,No child quality,4.532297652722016,6
adoption_breadth,future_cross_owner_reuse_share_3m,lift,No event injection,4.443268519391155,6
adoption_breadth,future_cross_owner_reuse_share_3m,lift,No parent size,4.452006865213185,6
adoption_breadth,future_cross_owner_reuse_share_3m,lift,No quality teleport,4.175785209929708,6
adoption_breadth,future_cross_owner_reuse_share_3m,lift,No temporal inheritance,4.40662874521484,6
adoption_breadth,future_cross_owner_reuse_share_3m,lift,No type weight,4.524605444847713,6
adoption_breadth,future_cross_owner_reuse_share_3m,lift,No-Propagation ModelRank,4.417097142849438,6
adoption_breadth,future_cross_owner_reuse_share_3m,lift,S_C3_Q10,4.802570815669516,6
adoption_breadth,future_cross_owner_reuse_share_3m,lift,S_D_000,4.417097142849438,6
adoption_breadth,future_cross_owner_reuse_share_3m,lift,S_D_025,4.807987868719234,6
adoption_breadth,future_cross_owner_reuse_share_3m,lift,S_D_050,4.815923469278242,6
adoption_breadth,future_cross_owner_reuse_share_3m,lift,S_D_065,4.803502498443134,6
adoption_breadth,future_cross_owner_reuse_share_3m,lift,S_D_075,4.800060422890946,6
adoption_breadth,future_cross_owner_reuse_share_3m,lift,S_D_090,4.805990168125283,6
adoption_breadth,future_cross_owner_reuse_share_3m,lift,S_D_095,4.813176024612697,6
adoption_breadth,future_cross_owner_reuse_share_3m,lift,S_D_099,4.816400840893204,6
adoption_breadth,future_cross_owner_reuse_share_3m,lift,S_MEM_01,4.417097142849438,6
adoption_breadth,future_cross_owner_reuse_share_3m,lift,S_MEM_03,4.734692999974642,6
adoption_breadth,future_cross_owner_reuse_share_3m,lift,S_MEM_06,4.847593756428536,6
adoption_breadth,future_cross_owner_reuse_share_3m,lift,S_MEM_12,4.815381913963315,6
adoption_breadth,future_cross_owner_reuse_share_3m,lift,S_Q_000,2.547678393750481,6
adoption_breadth,future_cross_owner_reuse_share_3m,lift,S_Q_005,4.802570815669516,6
adoption_breadth,future_cross_owner_reuse_share_3m,lift,S_Q_015,4.802570815669516,6
adoption_breadth,future_cross_owner_reuse_share_3m,lift,S_Q_020,4.802570815669516,6
adoption_breadth,future_cross_owner_reuse_share_3m,lift,S_Q_030,4.802570815669516,6
adoption_breadth,future_cross_owner_reuse_share_3m,lift,S_Q_040,4.802570815669516,6
adoption_breadth,future_cross_owner_reuse_share_3m,lift,S_Q_050,4.802570815669516,6
adoption_breadth,future_cross_owner_reuse_share_3m,lift,S_Q_060,4.802570815669516,6
adoption_breadth,future_cross_owner_reuse_share_3m,lift,S_Q_070,4.802570815669516,6
adoption_breadth,future_cross_owner_reuse_share_3m,lift,S_Q_080,4.801708746212943,6
adoption_breadth,future_cross_owner_reuse_share_3m,lift,S_Q_090,4.800846676756371,6
adoption_breadth,future_cross_owner_reuse_share_3m,lift,S_Q_100,4.768049584729199,6
adoption_breadth,future_cross_owner_reuse_share_3m,lift,S_WD_000,4.8809425577831815,6
adoption_breadth,future_cross_owner_reuse_share_3m,lift,S_WD_025,5.102550893623197,6
adoption_breadth,future_cross_owner_reuse_share_3m,lift,S_WD_075,4.574023881689042,6
adoption_breadth,future_cross_owner_reuse_share_3m,lift,S_WD_100,4.471087880110897,6
adoption_breadth,future_cross_owner_reuse_share_3m,lift,Simplified_MTPR_time_safe_typed,4.360750009176896,6
adoption_breadth,future_cross_owner_reuse_share_3m,lift,Vanilla PageRank,4.385781110554834,6
adoption_breadth,future_high_download_child_owner_breadth_3m,lift,AllTime DerivCount,2.6550742843147166,6
adoption_breadth,future_high_download_child_owner_breadth_3m,lift,Current DerivCount,2.3898058860480274,6
adoption_breadth,future_high_download_child_owner_breadth_3m,lift,Downloads,2.023365831365881,6
adoption_breadth,future_high_download_child_owner_breadth_3m,lift,EventValue_time_safe_typed,2.3898058860480274,6
adoption_breadth,future_high_download_child_owner_breadth_3m,lift,Likes,2.6361129980696014,6
adoption_breadth,future_high_download_child_owner_breadth_3m,lift,MTPR_time_safe_typed,2.758332324048682,6
adoption_breadth,future_high_download_child_owner_breadth_3m,lift,No PageRank propagation,2.6178148508890042,6
adoption_breadth,future_high_download_child_owner_breadth_3m,lift,No child quality,2.7830950184729986,6
adoption_breadth,future_high_download_child_owner_breadth_3m,lift,No event injection,2.720268486892074,6
adoption_breadth,future_high_download_child_owner_breadth_3m,lift,No parent size,2.7306709262577393,6
adoption_breadth,future_high_download_child_owner_breadth_3m,lift,No quality teleport,2.5936347165801577,6
adoption_breadth,future_high_download_child_owner_breadth_3m,lift,No temporal inheritance,2.786079918569355,6
adoption_breadth,future_high_download_child_owner_breadth_3m,lift,No type weight,2.7830950184729986,6
adoption_breadth,future_high_download_child_owner_breadth_3m,lift,No-Propagation ModelRank,2.7946250081502932,6
adoption_breadth,future_high_download_child_owner_breadth_3m,lift,S_C3_Q10,2.7880788483589503,6
adoption_breadth,future_high_download_child_owner_breadth_3m,lift,S_D_000,2.7946250081502932,6
adoption_breadth,future_high_download_child_owner_breadth_3m,lift,S_D_025,2.8492380737732836,6
adoption_breadth,future_high_download_child_owner_breadth_3m,lift,S_D_050,2.7981640104828784,6
adoption_breadth,future_high_download_child_owner_breadth_3m,lift,S_D_065,2.786099264094769,6
adoption_breadth,future_high_download_child_owner_breadth_3m,lift,S_D_075,2.791538270135394,6
adoption_breadth,future_high_download_child_owner_breadth_3m,lift,S_D_090,2.8027564872429647,6
adoption_breadth,future_high_download_child_owner_breadth_3m,lift,S_D_095,2.80730783525849,6
adoption_breadth,future_high_download_child_owner_breadth_3m,lift,S_D_099,2.8046085275719324,6
adoption_breadth,future_high_download_child_owner_breadth_3m,lift,S_MEM_01,2.7946250081502932,6
adoption_breadth,future_high_download_child_owner_breadth_3m,lift,S_MEM_03,3.0564831229650182,6
adoption_breadth,future_high_download_child_owner_breadth_3m,lift,S_MEM_06,3.0592920120264346,6
adoption_breadth,future_high_download_child_owner_breadth_3m,lift,S_MEM_12,2.8245908157751267,6
adoption_breadth,future_high_download_child_owner_breadth_3m,lift,S_Q_000,2.5169627854809193,6
adoption_breadth,future_high_download_child_owner_breadth_3m,lift,S_Q_005,2.7880788483589503,6
adoption_breadth,future_high_download_child_owner_breadth_3m,lift,S_Q_015,2.7880788483589503,6
adoption_breadth,future_high_download_child_owner_breadth_3m,lift,S_Q_020,2.7880788483589503,6
adoption_breadth,future_high_download_child_owner_breadth_3m,lift,S_Q_030,2.7880788483589503,6
adoption_breadth,future_high_download_child_owner_breadth_3m,lift,S_Q_040,2.7880788483589503,6
adoption_breadth,future_high_download_child_owner_breadth_3m,lift,S_Q_050,2.7880788483589503,6
adoption_breadth,future_high_download_child_owner_breadth_3m,lift,S_Q_060,2.7880788483589503,6
adoption_breadth,future_high_download_child_owner_breadth_3m,lift,S_Q_070,2.7880788483589503,6
adoption_breadth,future_high_download_child_owner_breadth_3m,lift,S_Q_080,2.7880788483589503,6
adoption_breadth,future_high_download_child_owner_breadth_3m,lift,S_Q_090,2.7880788483589503,6
adoption_breadth,future_high_download_child_owner_breadth_3m,lift,S_Q_100,2.759987388053109,6
adoption_breadth,future_high_download_child_owner_breadth_3m,lift,S_WD_000,2.9561139891231516,6
adoption_breadth,future_high_download_child_owner_breadth_3m,lift,S_WD_025,2.984935342754941,6
adoption_breadth,future_high_download_child_owner_breadth_3m,lift,S_WD_075,2.670925651732201,6
adoption_breadth,future_high_download_child_owner_breadth_3m,lift,S_WD_100,2.636960209712479,6
adoption_breadth,future_high_download_child_owner_breadth_3m,lift,Simplified_MTPR_time_safe_typed,2.731169495363926,6
adoption_breadth,future_high_download_child_owner_breadth_3m,lift,Vanilla PageRank,2.6550742843147166,6
adoption_breadth,future_high_like_child_owner_breadth_3m,lift,AllTime DerivCount,4.679792040483564,6
adoption_breadth,future_high_like_child_owner_breadth_3m,lift,Current DerivCount,2.826707315002827,6
adoption_breadth,future_high_like_child_owner_breadth_3m,lift,Downloads,2.8328114447992814,6
adoption_breadth,future_high_like_child_owner_breadth_3m,lift,EventValue_time_safe_typed,2.826707315002827,6
adoption_breadth,future_high_like_child_owner_breadth_3m,lift,Likes,4.709021503739324,6
adoption_breadth,future_high_like_child_owner_breadth_3m,lift,MTPR_time_safe_typed,4.4166342020471605,6
adoption_breadth,future_high_like_child_owner_breadth_3m,lift,No PageRank propagation,4.311624420127118,6
adoption_breadth,future_high_like_child_owner_breadth_3m,lift,No child quality,4.445669172319437,6
adoption_breadth,future_high_like_child_owner_breadth_3m,lift,No event injection,4.369958599471956,6
adoption_breadth,future_high_like_child_owner_breadth_3m,lift,No parent size,4.3856427902534305,6
adoption_breadth,future_high_like_child_owner_breadth_3m,lift,No quality teleport,4.50986111168816,6
adoption_breadth,future_high_like_child_owner_breadth_3m,lift,No temporal inheritance,4.362738884677184,6
adoption_breadth,future_high_like_child_owner_breadth_3m,lift,No type weight,4.442322470257769,6
adoption_breadth,future_high_like_child_owner_breadth_3m,lift,No-Propagation ModelRank,4.372809254536697,6
adoption_breadth,future_high_like_child_owner_breadth_3m,lift,S_C3_Q10,4.832957168875769,6
adoption_breadth,future_high_like_child_owner_breadth_3m,lift,S_D_000,4.372809254536697,6
adoption_breadth,future_high_like_child_owner_breadth_3m,lift,S_D_025,4.781530588006308,6
adoption_breadth,future_high_like_child_owner_breadth_3m,lift,S_D_050,4.808997806493775,6
adoption_breadth,future_high_like_child_owner_breadth_3m,lift,S_D_065,4.814881228306405,6
adoption_breadth,future_high_like_child_owner_breadth_3m,lift,S_D_075,4.834500084036589,6
adoption_breadth,future_high_like_child_owner_breadth_3m,lift,S_D_090,4.843376304820251,6
adoption_breadth,future_high_like_child_owner_breadth_3m,lift,S_D_095,4.847995616468997,6
adoption_breadth,future_high_like_child_owner_breadth_3m,lift,S_D_099,4.852597776151289,6
adoption_breadth,future_high_like_child_owner_breadth_3m,lift,S_MEM_01,4.372809254536697,6
adoption_breadth,future_high_like_child_owner_breadth_3m,lift,S_MEM_03,4.6830926277161415,6
adoption_breadth,future_high_like_child_owner_breadth_3m,lift,S_MEM_06,4.759517708409143,6
adoption_breadth,future_high_like_child_owner_breadth_3m,lift,S_MEM_12,4.782620502923766,6
adoption_breadth,future_high_like_child_owner_breadth_3m,lift,S_Q_000,3.3041329535238915,6
adoption_breadth,future_high_like_child_owner_breadth_3m,lift,S_Q_005,4.832957168875769,6
adoption_breadth,future_high_like_child_owner_breadth_3m,lift,S_Q_015,4.832957168875769,6
adoption_breadth,future_high_like_child_owner_breadth_3m,lift,S_Q_020,4.832957168875769,6
adoption_breadth,future_high_like_child_owner_breadth_3m,lift,S_Q_030,4.832957168875769,6
adoption_breadth,future_high_like_child_owner_breadth_3m,lift,S_Q_040,4.832957168875769,6
adoption_breadth,future_high_like_child_owner_breadth_3m,lift,S_Q_050,4.832957168875769,6
adoption_breadth,future_high_like_child_owner_breadth_3m,lift,S_Q_060,4.832957168875769,6
adoption_breadth,future_high_like_child_owner_breadth_3m,lift,S_Q_070,4.832957168875769,6
adoption_breadth,future_high_like_child_owner_breadth_3m,lift,S_Q_080,4.832957168875769,6
adoption_breadth,future_high_like_child_owner_breadth_3m,lift,S_Q_090,4.832957168875769,6
adoption_breadth,future_high_like_child_owner_breadth_3m,lift,S_Q_100,4.795361800227586,6
adoption_breadth,future_high_like_child_owner_breadth_3m,lift,S_WD_000,5.074951960362976,6
adoption_breadth,future_high_like_child_owner_breadth_3m,lift,S_WD_025,5.112969227086888,6
adoption_breadth,future_high_like_child_owner_breadth_3m,lift,S_WD_075,4.640759811573308,6
adoption_breadth,future_high_like_child_owner_breadth_3m,lift,S_WD_100,4.560536948708108,6
adoption_breadth,future_high_like_child_owner_breadth_3m,lift,Simplified_MTPR_time_safe_typed,4.31583178266342,6
adoption_breadth,future_high_like_child_owner_breadth_3m,lift,Vanilla PageRank,4.679792040483564,6
descendant_quality,future_child_download_quality_mean_3m,lift,AllTime DerivCount,4.0114494825290805,6
descendant_quality,future_child_download_quality_mean_3m,lift,Current DerivCount,2.3603085903656083,6
descendant_quality,future_child_download_quality_mean_3m,lift,Downloads,2.98443327235911,6
descendant_quality,future_child_download_quality_mean_3m,lift,EventValue_time_safe_typed,2.3603085903656083,6
descendant_quality,future_child_download_quality_mean_3m,lift,Likes,3.916718032834275,6
descendant_quality,future_child_download_quality_mean_3m,lift,MTPR_time_safe_typed,4.0334482562732585,6
descendant_quality,future_child_download_quality_mean_3m,lift,No PageRank propagation,3.89295921511728,6
descendant_quality,future_child_download_quality_mean_3m,lift,No child quality,4.071974983420449,6
descendant_quality,future_child_download_quality_mean_3m,lift,No event injection,3.9825888088783903,6
descendant_quality,future_child_download_quality_mean_3m,lift,No parent size,3.9923423188385194,6
descendant_quality,future_child_download_quality_mean_3m,lift,No quality teleport,3.829128743256858,6
descendant_quality,future_child_download_quality_mean_3m,lift,No temporal inheritance,3.9909250150559097,6
descendant_quality,future_child_download_quality_mean_3m,lift,No type weight,4.063728813850891,6
descendant_quality,future_child_download_quality_mean_3m,lift,No-Propagation ModelRank,3.995484146370513,6
descendant_quality,future_child_download_quality_mean_3m,lift,S_C3_Q10,4.2699763425710975,6
descendant_quality,future_child_download_quality_mean_3m,lift,S_D_000,3.995484146370513,6
descendant_quality,future_child_download_quality_mean_3m,lift,S_D_025,4.279470416171298,6
descendant_quality,future_child_download_quality_mean_3m,lift,S_D_050,4.280167781947629,6
descendant_quality,future_child_download_quality_mean_3m,lift,S_D_065,4.268995778129564,6
descendant_quality,future_child_download_quality_mean_3m,lift,S_D_075,4.267183933162695,6
descendant_quality,future_child_download_quality_mean_3m,lift,S_D_090,4.278029162543532,6
descendant_quality,future_child_download_quality_mean_3m,lift,S_D_095,4.284908790498277,6
descendant_quality,future_child_download_quality_mean_3m,lift,S_D_099,4.287937995543186,6
descendant_quality,future_child_download_quality_mean_3m,lift,S_MEM_01,3.995484146370513,6
descendant_quality,future_child_download_quality_mean_3m,lift,S_MEM_03,4.315500580657166,6
descendant_quality,future_child_download_quality_mean_3m,lift,S_MEM_06,4.372472668086308,6
descendant_quality,future_child_download_quality_mean_3m,lift,S_MEM_12,4.297821877355642,6
descendant_quality,future_child_download_quality_mean_3m,lift,S_Q_000,2.580873102081408,6
descendant_quality,future_child_download_quality_mean_3m,lift,S_Q_005,4.2699763425710975,6
descendant_quality,future_child_download_quality_mean_3m,lift,S_Q_015,4.2699763425710975,6
descendant_quality,future_child_download_quality_mean_3m,lift,S_Q_020,4.2699763425710975,6
descendant_quality,future_child_download_quality_mean_3m,lift,S_Q_030,4.2699763425710975,6
descendant_quality,future_child_download_quality_mean_3m,lift,S_Q_040,4.2699763425710975,6
descendant_quality,future_child_download_quality_mean_3m,lift,S_Q_050,4.2699763425710975,6
descendant_quality,future_child_download_quality_mean_3m,lift,S_Q_060,4.2699763425710975,6
descendant_quality,future_child_download_quality_mean_3m,lift,S_Q_070,4.2699763425710975,6
descendant_quality,future_child_download_quality_mean_3m,lift,S_Q_080,4.2699763425710975,6
descendant_quality,future_child_download_quality_mean_3m,lift,S_Q_090,4.26907874164787,6
descendant_quality,future_child_download_quality_mean_3m,lift,S_Q_100,4.238919836259964,6
descendant_quality,future_child_download_quality_mean_3m,lift,S_WD_000,4.299780478658668,6
descendant_quality,future_child_download_quality_mean_3m,lift,S_WD_025,4.518894976415393,6
descendant_quality,future_child_download_quality_mean_3m,lift,S_WD_075,4.12591555087101,6
descendant_quality,future_child_download_quality_mean_3m,lift,S_WD_100,4.05521335197635,6
descendant_quality,future_child_download_quality_mean_3m,lift,Simplified_MTPR_time_safe_typed,3.9378313959463607,6
descendant_quality,future_child_download_quality_mean_3m,lift,Vanilla PageRank,4.01144948252908,6
descendant_quality,future_child_download_quality_median_3m,lift,AllTime DerivCount,4.010329580180849,6
descendant_quality,future_child_download_quality_median_3m,lift,Current DerivCount,2.359711184706049,6
descendant_quality,future_child_download_quality_median_3m,lift,Downloads,2.983754804231637,6
descendant_quality,future_child_download_quality_median_3m,lift,EventValue_time_safe_typed,2.359711184706049,6
descendant_quality,future_child_download_quality_median_3m,lift,Likes,3.916717988696245,6
descendant_quality,future_child_download_quality_median_3m,lift,MTPR_time_safe_typed,4.033097201926515,6
descendant_quality,future_child_download_quality_median_3m,lift,No PageRank propagation,3.8926783884431786,6
descendant_quality,future_child_download_quality_median_3m,lift,No child quality,4.0722639478607725,6
descendant_quality,future_child_download_quality_median_3m,lift,No event injection,3.981726442131539,6
descendant_quality,future_child_download_quality_median_3m,lift,No parent size,3.991486844187167,6
descendant_quality,future_child_download_quality_median_3m,lift,No quality teleport,3.8286269149459184,6
descendant_quality,future_child_download_quality_median_3m,lift,No temporal inheritance,3.990568966221557,6
descendant_quality,future_child_download_quality_median_3m,lift,No type weight,4.064070712829893,6
descendant_quality,future_child_download_quality_median_3m,lift,No-Propagation ModelRank,3.9950354042864658,6
descendant_quality,future_child_download_quality_median_3m,lift,S_C3_Q10,4.2710594931602595,6
descendant_quality,future_child_download_quality_median_3m,lift,S_D_000,3.9950354042864658,6
descendant_quality,future_child_download_quality_median_3m,lift,S_D_025,4.2799785115410645,6
descendant_quality,future_child_download_quality_median_3m,lift,S_D_050,4.280504264377309,6
descendant_quality,future_child_download_quality_median_3m,lift,S_D_065,4.27027337030558,6
descendant_quality,future_child_download_quality_median_3m,lift,S_D_075,4.268393471598123,6
descendant_quality,future_child_download_quality_median_3m,lift,S_D_090,4.279113905473108,6
descendant_quality,future_child_download_quality_median_3m,lift,S_D_095,4.2858812059840465,6
descendant_quality,future_child_download_quality_median_3m,lift,S_D_099,4.288751472103967,6
descendant_quality,future_child_download_quality_median_3m,lift,S_MEM_01,3.9950354042864666,6
descendant_quality,future_child_download_quality_median_3m,lift,S_MEM_03,4.316268659777907,6
descendant_quality,future_child_download_quality_median_3m,lift,S_MEM_06,4.3737944969637015,6
descendant_quality,future_child_download_quality_median_3m,lift,S_MEM_12,4.298638132053566,6
descendant_quality,future_child_download_quality_median_3m,lift,S_Q_000,2.579474867917105,6
descendant_quality,future_child_download_quality_median_3m,lift,S_Q_005,4.271059493160261,6
descendant_quality,future_child_download_quality_median_3m,lift,S_Q_015,4.271059493160261,6
descendant_quality,future_child_download_quality_median_3m,lift,S_Q_020,4.27105949316026,6
descendant_quality,future_child_download_quality_median_3m,lift,S_Q_030,4.27105949316026,6
descendant_quality,future_child_download_quality_median_3m,lift,S_Q_040,4.27105949316026,6
descendant_quality,future_child_download_quality_median_3m,lift,S_Q_050,4.27105949316026,6
descendant_quality,future_child_download_quality_median_3m,lift,S_Q_060,4.27105949316026,6
descendant_quality,future_child_download_quality_median_3m,lift,S_Q_070,4.271059493160261,6
descendant_quality,future_child_download_quality_median_3m,lift,S_Q_080,4.27105949316026,6
descendant_quality,future_child_download_quality_median_3m,lift,S_Q_090,4.270159534862251,6
descendant_quality,future_child_download_quality_median_3m,lift,S_Q_100,4.23960179187315,6
descendant_quality,future_child_download_quality_median_3m,lift,S_WD_000,4.29950097036302,6
descendant_quality,future_child_download_quality_median_3m,lift,S_WD_025,4.519813010690428,6
descendant_quality,future_child_download_quality_median_3m,lift,S_WD_075,4.1265594236879615,6
descendant_quality,future_child_download_quality_median_3m,lift,S_WD_100,4.055845201252212,6
descendant_quality,future_child_download_quality_median_3m,lift,Simplified_MTPR_time_safe_typed,3.9375992992360165,6
descendant_quality,future_child_download_quality_median_3m,lift,Vanilla PageRank,4.010329580180849,6
descendant_quality,future_child_download_quality_sum_3m,lift,AllTime DerivCount,3.821236296432115,6
descendant_quality,future_child_download_quality_sum_3m,lift,Current DerivCount,2.6040754260243015,6
descendant_quality,future_child_download_quality_sum_3m,lift,Downloads,2.6298706223633252,6
descendant_quality,future_child_download_quality_sum_3m,lift,EventValue_time_safe_typed,2.6040754260243015,6
descendant_quality,future_child_download_quality_sum_3m,lift,Likes,3.624334898966266,6
descendant_quality,future_child_download_quality_sum_3m,lift,MTPR_time_safe_typed,3.831234567687684,6
descendant_quality,future_child_download_quality_sum_3m,lift,No PageRank propagation,3.703260118820021,6
descendant_quality,future_child_download_quality_sum_3m,lift,No child quality,3.868339137924096,6
descendant_quality,future_child_download_quality_sum_3m,lift,No event injection,3.791651030041512,6
descendant_quality,future_child_download_quality_sum_3m,lift,No parent size,3.7988443819026396,6
descendant_quality,future_child_download_quality_sum_3m,lift,No quality teleport,3.690622096235456,6
descendant_quality,future_child_download_quality_sum_3m,lift,No temporal inheritance,3.8053529075804815,6
descendant_quality,future_child_download_quality_sum_3m,lift,No type weight,3.8566302237370533,6
descendant_quality,future_child_download_quality_sum_3m,lift,No-Propagation ModelRank,3.8111046136222586,6
descendant_quality,future_child_download_quality_sum_3m,lift,S_C3_Q10,4.075890438533829,6
descendant_quality,future_child_download_quality_sum_3m,lift,S_D_000,3.8111046136222586,6
descendant_quality,future_child_download_quality_sum_3m,lift,S_D_025,4.0889534877525255,6
descendant_quality,future_child_download_quality_sum_3m,lift,S_D_050,4.097586965479844,6
descendant_quality,future_child_download_quality_sum_3m,lift,S_D_065,4.081875071062414,6
descendant_quality,future_child_download_quality_sum_3m,lift,S_D_075,4.073283186142807,6
descendant_quality,future_child_download_quality_sum_3m,lift,S_D_090,4.075665664091843,6
descendant_quality,future_child_download_quality_sum_3m,lift,S_D_095,4.082094627324534,6
descendant_quality,future_child_download_quality_sum_3m,lift,S_D_099,4.08148393034261,6
descendant_quality,future_child_download_quality_sum_3m,lift,S_MEM_01,3.8111046136222586,6
descendant_quality,future_child_download_quality_sum_3m,lift,S_MEM_03,4.076384596059149,6
descendant_quality,future_child_download_quality_sum_3m,lift,S_MEM_06,4.163231824450414,6
descendant_quality,future_child_download_quality_sum_3m,lift,S_MEM_12,4.125453217939536,6
descendant_quality,future_child_download_quality_sum_3m,lift,S_Q_000,2.8231784126653476,6
descendant_quality,future_child_download_quality_sum_3m,lift,S_Q_005,4.075890438533829,6
descendant_quality,future_child_download_quality_sum_3m,lift,S_Q_015,4.075890438533829,6
descendant_quality,future_child_download_quality_sum_3m,lift,S_Q_020,4.075890438533829,6
descendant_quality,future_child_download_quality_sum_3m,lift,S_Q_030,4.075890438533829,6
descendant_quality,future_child_download_quality_sum_3m,lift,S_Q_040,4.075890438533829,6
descendant_quality,future_child_download_quality_sum_3m,lift,S_Q_050,4.075890438533829,6
descendant_quality,future_child_download_quality_sum_3m,lift,S_Q_060,4.075890438533829,6
descendant_quality,future_child_download_quality_sum_3m,lift,S_Q_070,4.075890438533829,6
descendant_quality,future_child_download_quality_sum_3m,lift,S_Q_080,4.075890438533829,6
descendant_quality,future_child_download_quality_sum_3m,lift,S_Q_090,4.075476700626589,6
descendant_quality,future_child_download_quality_sum_3m,lift,S_Q_100,4.053577802917027,6
descendant_quality,future_child_download_quality_sum_3m,lift,S_WD_000,4.0008404308253995,6
descendant_quality,future_child_download_quality_sum_3m,lift,S_WD_025,4.242253328582202,6
descendant_quality,future_child_download_quality_sum_3m,lift,S_WD_075,3.9896481321455775,6
descendant_quality,future_child_download_quality_sum_3m,lift,S_WD_100,3.9152812011655893,6
descendant_quality,future_child_download_quality_sum_3m,lift,Simplified_MTPR_time_safe_typed,3.7652404427352137,6
descendant_quality,future_child_download_quality_sum_3m,lift,Vanilla PageRank,3.821236296432115,6
descendant_quality,future_child_like_quality_mean_3m,lift,AllTime DerivCount,5.2338209302121115,6
descendant_quality,future_child_like_quality_mean_3m,lift,Current DerivCount,2.793218941983105,6
descendant_quality,future_child_like_quality_mean_3m,lift,Downloads,3.406621704823096,6
descendant_quality,future_child_like_quality_mean_3m,lift,EventValue_time_safe_typed,2.793218941983105,6
descendant_quality,future_child_like_quality_mean_3m,lift,Likes,5.50578347853856,6
descendant_quality,future_child_like_quality_mean_3m,lift,MTPR_time_safe_typed,5.047749320311939,6
descendant_quality,future_child_like_quality_mean_3m,lift,No PageRank propagation,4.929637442395033,6
descendant_quality,future_child_like_quality_mean_3m,lift,No child quality,5.07991320580871,6
descendant_quality,future_child_like_quality_mean_3m,lift,No event injection,4.990016823155581,6
descendant_quality,future_child_like_quality_mean_3m,lift,No parent size,5.009908090123111,6
descendant_quality,future_child_like_quality_mean_3m,lift,No quality teleport,4.9674768875429605,6
descendant_quality,future_child_like_quality_mean_3m,lift,No temporal inheritance,4.9382886257808565,6
descendant_quality,future_child_like_quality_mean_3m,lift,No type weight,5.075852938946422,6
descendant_quality,future_child_like_quality_mean_3m,lift,No-Propagation ModelRank,4.9472427437318975,6
descendant_quality,future_child_like_quality_mean_3m,lift,S_C3_Q10,5.528813019857368,6
descendant_quality,future_child_like_quality_mean_3m,lift,S_D_000,4.9472427437318975,6
descendant_quality,future_child_like_quality_mean_3m,lift,S_D_025,5.456505004297687,6
descendant_quality,future_child_like_quality_mean_3m,lift,S_D_050,5.514040008544446,6
descendant_quality,future_child_like_quality_mean_3m,lift,S_D_065,5.524890604802884,6
descendant_quality,future_child_like_quality_mean_3m,lift,S_D_075,5.54285797493409,6
descendant_quality,future_child_like_quality_mean_3m,lift,S_D_090,5.53943523294182,6
descendant_quality,future_child_like_quality_mean_3m,lift,S_D_095,5.546488456036489,6
descendant_quality,future_child_like_quality_mean_3m,lift,S_D_099,5.548703649333551,6
descendant_quality,future_child_like_quality_mean_3m,lift,S_MEM_01,4.9472427437318975,6
descendant_quality,future_child_like_quality_mean_3m,lift,S_MEM_03,5.291733425142808,6
descendant_quality,future_child_like_quality_mean_3m,lift,S_MEM_06,5.406059220394546,6
descendant_quality,future_child_like_quality_mean_3m,lift,S_MEM_12,5.463775181428356,6
descendant_quality,future_child_like_quality_mean_3m,lift,S_Q_000,3.2963725229826983,6
descendant_quality,future_child_like_quality_mean_3m,lift,S_Q_005,5.528813019857368,6
descendant_quality,future_child_like_quality_mean_3m,lift,S_Q_015,5.528813019857368,6
descendant_quality,future_child_like_quality_mean_3m,lift,S_Q_020,5.528813019857368,6
descendant_quality,future_child_like_quality_mean_3m,lift,S_Q_030,5.528813019857368,6
descendant_quality,future_child_like_quality_mean_3m,lift,S_Q_040,5.528813019857368,6
descendant_quality,future_child_like_quality_mean_3m,lift,S_Q_050,5.528813019857368,6
descendant_quality,future_child_like_quality_mean_3m,lift,S_Q_060,5.528813019857368,6
descendant_quality,future_child_like_quality_mean_3m,lift,S_Q_070,5.528813019857368,6
descendant_quality,future_child_like_quality_mean_3m,lift,S_Q_080,5.528813019857368,6
descendant_quality,future_child_like_quality_mean_3m,lift,S_Q_090,5.528813019857368,6
descendant_quality,future_child_like_quality_mean_3m,lift,S_Q_100,5.48949964432748,6
descendant_quality,future_child_like_quality_mean_3m,lift,S_WD_000,5.892785950127361,6
descendant_quality,future_child_like_quality_mean_3m,lift,S_WD_025,5.944266443848626,6
descendant_quality,future_child_like_quality_mean_3m,lift,S_WD_075,5.224421819948911,6
descendant_quality,future_child_like_quality_mean_3m,lift,S_WD_100,5.1254142313189845,6
descendant_quality,future_child_like_quality_mean_3m,lift,Simplified_MTPR_time_safe_typed,4.88745394243131,6
descendant_quality,future_child_like_quality_mean_3m,lift,Vanilla PageRank,5.233820930212111,6
descendant_quality,future_child_like_quality_median_3m,lift,AllTime DerivCount,5.337111606248257,6
descendant_quality,future_child_like_quality_median_3m,lift,Current DerivCount,2.813162507742381,6
descendant_quality,future_child_like_quality_median_3m,lift,Downloads,3.4481258833576294,6
descendant_quality,future_child_like_quality_median_3m,lift,EventValue_time_safe_typed,2.813162507742381,6
descendant_quality,future_child_like_quality_median_3m,lift,Likes,5.60613114292051,6
descendant_quality,future_child_like_quality_median_3m,lift,MTPR_time_safe_typed,5.1213112924812885,6
descendant_quality,future_child_like_quality_median_3m,lift,No PageRank propagation,4.995771450064239,6
descendant_quality,future_child_like_quality_median_3m,lift,No child quality,5.156374247190349,6
descendant_quality,future_child_like_quality_median_3m,lift,No event injection,5.060157789651957,6
descendant_quality,future_child_like_quality_median_3m,lift,No parent size,5.081134573940148,6
descendant_quality,future_child_like_quality_median_3m,lift,No quality teleport,5.072457712285017,6
descendant_quality,future_child_like_quality_median_3m,lift,No temporal inheritance,5.000314787187413,6
descendant_quality,future_child_like_quality_median_3m,lift,No type weight,5.152201970379221,6
descendant_quality,future_child_like_quality_median_3m,lift,No-Propagation ModelRank,5.010337511968429,6
descendant_quality,future_child_like_quality_median_3m,lift,S_C3_Q10,5.634860651674173,6
descendant_quality,future_child_like_quality_median_3m,lift,S_D_000,5.010337511968429,6
descendant_quality,future_child_like_quality_median_3m,lift,S_D_025,5.548091196562802,6
descendant_quality,future_child_like_quality_median_3m,lift,S_D_050,5.612565880521113,6
descendant_quality,future_child_like_quality_median_3m,lift,S_D_065,5.627166893446032,6
descendant_quality,future_child_like_quality_median_3m,lift,S_D_075,5.647927224955292,6
descendant_quality,future_child_like_quality_median_3m,lift,S_D_090,5.646116424231974,6
descendant_quality,future_child_like_quality_median_3m,lift,S_D_095,5.653654168663826,6
descendant_quality,future_child_like_quality_median_3m,lift,S_D_099,5.656971298044702,6
descendant_quality,future_child_like_quality_median_3m,lift,S_MEM_01,5.010337511968429,6
descendant_quality,future_child_like_quality_median_3m,lift,S_MEM_03,5.379430127403736,6
descendant_quality,future_child_like_quality_median_3m,lift,S_MEM_06,5.5089110746848355,6
descendant_quality,future_child_like_quality_median_3m,lift,S_MEM_12,5.567212990266821,6
descendant_quality,future_child_like_quality_median_3m,lift,S_Q_000,3.3257954821362916,6
descendant_quality,future_child_like_quality_median_3m,lift,S_Q_005,5.634860651674173,6
descendant_quality,future_child_like_quality_median_3m,lift,S_Q_015,5.634860651674173,6
descendant_quality,future_child_like_quality_median_3m,lift,S_Q_020,5.634860651674173,6
descendant_quality,future_child_like_quality_median_3m,lift,S_Q_030,5.634860651674173,6
descendant_quality,future_child_like_quality_median_3m,lift,S_Q_040,5.634860651674173,6
descendant_quality,future_child_like_quality_median_3m,lift,S_Q_050,5.634860651674173,6
descendant_quality,future_child_like_quality_median_3m,lift,S_Q_060,5.634860651674173,6
descendant_quality,future_child_like_quality_median_3m,lift,S_Q_070,5.634860651674173,6
descendant_quality,future_child_like_quality_median_3m,lift,S_Q_080,5.634860651674173,6
descendant_quality,future_child_like_quality_median_3m,lift,S_Q_090,5.634860651674173,6
descendant_quality,future_child_like_quality_median_3m,lift,S_Q_100,5.593513280908347,6
descendant_quality,future_child_like_quality_median_3m,lift,S_WD_000,6.0130487442353,6
descendant_quality,future_child_like_quality_median_3m,lift,S_WD_025,6.068141945830935,6
descendant_quality,future_child_like_quality_median_3m,lift,S_WD_075,5.318815493180375,6
descendant_quality,future_child_like_quality_median_3m,lift,S_WD_100,5.217305973539461,6
descendant_quality,future_child_like_quality_median_3m,lift,Simplified_MTPR_time_safe_typed,4.947511679022153,6
descendant_quality,future_child_like_quality_median_3m,lift,Vanilla PageRank,5.337111606248257,6
descendant_quality,future_child_like_quality_sum_3m,lift,AllTime DerivCount,4.516660532081956,6
descendant_quality,future_child_like_quality_sum_3m,lift,Current DerivCount,3.011183599390341,6
descendant_quality,future_child_like_quality_sum_3m,lift,Downloads,2.9293294962278673,6
descendant_quality,future_child_like_quality_sum_3m,lift,EventValue_time_safe_typed,3.011183599390341,6
descendant_quality,future_child_like_quality_sum_3m,lift,Likes,4.639009995264841,6
descendant_quality,future_child_like_quality_sum_3m,lift,MTPR_time_safe_typed,4.430115626330831,6
descendant_quality,future_child_like_quality_sum_3m,lift,No PageRank propagation,4.355017157979225,6
descendant_quality,future_child_like_quality_sum_3m,lift,No child quality,4.451647868281991,6
descendant_quality,future_child_like_quality_sum_3m,lift,No event injection,4.398174195459728,6
descendant_quality,future_child_like_quality_sum_3m,lift,No parent size,4.409220972619307,6
descendant_quality,future_child_like_quality_sum_3m,lift,No quality teleport,4.350118415836727,6
descendant_quality,future_child_like_quality_sum_3m,lift,No temporal inheritance,4.3753718871698455,6
descendant_quality,future_child_like_quality_sum_3m,lift,No type weight,4.4475283056615895,6
descendant_quality,future_child_like_quality_sum_3m,lift,No-Propagation ModelRank,4.389902484013555,6
descendant_quality,future_child_like_quality_sum_3m,lift,S_C3_Q10,4.733901058047363,6
descendant_quality,future_child_like_quality_sum_3m,lift,S_D_000,4.389902484013555,6
descendant_quality,future_child_like_quality_sum_3m,lift,S_D_025,4.696929781475404,6
descendant_quality,future_child_like_quality_sum_3m,lift,S_D_050,4.716917769773739,6
descendant_quality,future_child_like_quality_sum_3m,lift,S_D_065,4.727478746351625,6
descendant_quality,future_child_like_quality_sum_3m,lift,S_D_075,4.741213828498328,6
descendant_quality,future_child_like_quality_sum_3m,lift,S_D_090,4.742238770947362,6
descendant_quality,future_child_like_quality_sum_3m,lift,S_D_095,4.745571072032462,6
descendant_quality,future_child_like_quality_sum_3m,lift,S_D_099,4.7465213369547135,6
descendant_quality,future_child_like_quality_sum_3m,lift,S_MEM_01,4.389902484013554,6
descendant_quality,future_child_like_quality_sum_3m,lift,S_MEM_03,4.626614492523995,6
descendant_quality,future_child_like_quality_sum_3m,lift,S_MEM_06,4.7108490347233785,6
descendant_quality,future_child_like_quality_sum_3m,lift,S_MEM_12,4.70923246234054,6
descendant_quality,future_child_like_quality_sum_3m,lift,S_Q_000,3.501192559393438,6
descendant_quality,future_child_like_quality_sum_3m,lift,S_Q_005,4.733901058047363,6
descendant_quality,future_child_like_quality_sum_3m,lift,S_Q_015,4.733901058047363,6
descendant_quality,future_child_like_quality_sum_3m,lift,S_Q_020,4.733901058047363,6
descendant_quality,future_child_like_quality_sum_3m,lift,S_Q_030,4.733901058047363,6
descendant_quality,future_child_like_quality_sum_3m,lift,S_Q_040,4.733901058047363,6
descendant_quality,future_child_like_quality_sum_3m,lift,S_Q_050,4.733901058047363,6
descendant_quality,future_child_like_quality_sum_3m,lift,S_Q_060,4.733901058047363,6
descendant_quality,future_child_like_quality_sum_3m,lift,S_Q_070,4.733901058047363,6
descendant_quality,future_child_like_quality_sum_3m,lift,S_Q_080,4.733901058047363,6
descendant_quality,future_child_like_quality_sum_3m,lift,S_Q_090,4.733901058047363,6
descendant_quality,future_child_like_quality_sum_3m,lift,S_Q_100,4.71410255252154,6
descendant_quality,future_child_like_quality_sum_3m,lift,S_WD_000,4.9707628898584515,6
descendant_quality,future_child_like_quality_sum_3m,lift,S_WD_025,5.003243054140422,6
descendant_quality,future_child_like_quality_sum_3m,lift,S_WD_075,4.541625060128183,6
descendant_quality,future_child_like_quality_sum_3m,lift,S_WD_100,4.462418478765472,6
descendant_quality,future_child_like_quality_sum_3m,lift,Simplified_MTPR_time_safe_typed,4.349301773212242,6
descendant_quality,future_child_like_quality_sum_3m,lift,Vanilla PageRank,4.516660532081957,6
descendant_quality,future_high_download_child_count_3m,lift,AllTime DerivCount,2.631640253589397,6
descendant_quality,future_high_download_child_count_3m,lift,Current DerivCount,2.379774336069293,6
descendant_quality,future_high_download_child_count_3m,lift,Downloads,1.957955448182413,6
descendant_quality,future_high_download_child_count_3m,lift,EventValue_time_safe_typed,2.379774336069293,6
descendant_quality,future_high_download_child_count_3m,lift,Likes,2.586200132041165,6
descendant_quality,future_high_download_child_count_3m,lift,MTPR_time_safe_typed,2.7463630731791935,6
descendant_quality,future_high_download_child_count_3m,lift,No PageRank propagation,2.6022570572891692,6
descendant_quality,future_high_download_child_count_3m,lift,No child quality,2.7722247134916085,6
descendant_quality,future_high_download_child_count_3m,lift,No event injection,2.7083229763865053,6
descendant_quality,future_high_download_child_count_3m,lift,No parent size,2.7192315711011488,6
descendant_quality,future_high_download_child_count_3m,lift,No quality teleport,2.5671335790681287,6
descendant_quality,future_high_download_child_count_3m,lift,No temporal inheritance,2.777546174784281,6
descendant_quality,future_high_download_child_count_3m,lift,No type weight,2.7705360981797464,6
descendant_quality,future_high_download_child_count_3m,lift,No-Propagation ModelRank,2.781747220103083,6
descendant_quality,future_high_download_child_count_3m,lift,S_C3_Q10,2.765059432407576,6
descendant_quality,future_high_download_child_count_3m,lift,S_D_000,2.781747220103083,6
descendant_quality,future_high_download_child_count_3m,lift,S_D_025,2.8475205261788545,6
descendant_quality,future_high_download_child_count_3m,lift,S_D_050,2.7980174402719187,6
descendant_quality,future_high_download_child_count_3m,lift,S_D_065,2.767340903899191,6
descendant_quality,future_high_download_child_count_3m,lift,S_D_075,2.764569965233601,6
descendant_quality,future_high_download_child_count_3m,lift,S_D_090,2.785429627039482,6
descendant_quality,future_high_download_child_count_3m,lift,S_D_095,2.7905023191737595,6
descendant_quality,future_high_download_child_count_3m,lift,S_D_099,2.785174314127616,6
descendant_quality,future_high_download_child_count_3m,lift,S_MEM_01,2.781747220103083,6
descendant_quality,future_high_download_child_count_3m,lift,S_MEM_03,3.076443840882124,6
descendant_quality,future_high_download_child_count_3m,lift,S_MEM_06,3.0878596918067527,6
descendant_quality,future_high_download_child_count_3m,lift,S_MEM_12,2.844575048627514,6
descendant_quality,future_high_download_child_count_3m,lift,S_Q_000,2.5108620323353974,6
descendant_quality,future_high_download_child_count_3m,lift,S_Q_005,2.765059432407576,6
descendant_quality,future_high_download_child_count_3m,lift,S_Q_015,2.765059432407576,6
descendant_quality,future_high_download_child_count_3m,lift,S_Q_020,2.765059432407576,6
descendant_quality,future_high_download_child_count_3m,lift,S_Q_030,2.765059432407576,6
descendant_quality,future_high_download_child_count_3m,lift,S_Q_040,2.765059432407576,6
descendant_quality,future_high_download_child_count_3m,lift,S_Q_050,2.765059432407576,6
descendant_quality,future_high_download_child_count_3m,lift,S_Q_060,2.765059432407576,6
descendant_quality,future_high_download_child_count_3m,lift,S_Q_070,2.765059432407576,6
descendant_quality,future_high_download_child_count_3m,lift,S_Q_080,2.765059432407576,6
descendant_quality,future_high_download_child_count_3m,lift,S_Q_090,2.765059432407576,6
descendant_quality,future_high_download_child_count_3m,lift,S_Q_100,2.738213499730669,6
descendant_quality,future_high_download_child_count_3m,lift,S_WD_000,2.9292539045633657,6
descendant_quality,future_high_download_child_count_3m,lift,S_WD_025,2.969606074583932,6
descendant_quality,future_high_download_child_count_3m,lift,S_WD_075,2.6651540312793287,6
descendant_quality,future_high_download_child_count_3m,lift,S_WD_100,2.6280626245554046,6
descendant_quality,future_high_download_child_count_3m,lift,Simplified_MTPR_time_safe_typed,2.7271780351322263,6
descendant_quality,future_high_download_child_count_3m,lift,Vanilla PageRank,2.631640253589397,6
descendant_quality,future_high_like_child_count_3m,lift,AllTime DerivCount,4.68020140633712,6
descendant_quality,future_high_like_child_count_3m,lift,Current DerivCount,3.0332679605096726,6
descendant_quality,future_high_like_child_count_3m,lift,Downloads,2.864984150506913,6
descendant_quality,future_high_like_child_count_3m,lift,EventValue_time_safe_typed,3.0332679605096726,6
descendant_quality,future_high_like_child_count_3m,lift,Likes,4.661584681916925,6
descendant_quality,future_high_like_child_count_3m,lift,MTPR_time_safe_typed,4.441333650534452,6
descendant_quality,future_high_like_child_count_3m,lift,No PageRank propagation,4.34174209495023,6
descendant_quality,future_high_like_child_count_3m,lift,No child quality,4.469546814994693,6
descendant_quality,future_high_like_child_count_3m,lift,No event injection,4.397891838644228,6
descendant_quality,future_high_like_child_count_3m,lift,No parent size,4.412476329510225,6
descendant_quality,future_high_like_child_count_3m,lift,No quality teleport,4.535364612068694,6
descendant_quality,future_high_like_child_count_3m,lift,No temporal inheritance,4.391933088755798,6
descendant_quality,future_high_like_child_count_3m,lift,No type weight,4.46713835021621,6
descendant_quality,future_high_like_child_count_3m,lift,No-Propagation ModelRank,4.403348473767779,6
descendant_quality,future_high_like_child_count_3m,lift,S_C3_Q10,4.813062167944318,6
descendant_quality,future_high_like_child_count_3m,lift,S_D_000,4.403348473767779,6
descendant_quality,future_high_like_child_count_3m,lift,S_D_025,4.756835688844241,6
descendant_quality,future_high_like_child_count_3m,lift,S_D_050,4.781678605060318,6
descendant_quality,future_high_like_child_count_3m,lift,S_D_065,4.790259318189022,6
descendant_quality,future_high_like_child_count_3m,lift,S_D_075,4.814783529001761,6
descendant_quality,future_high_like_child_count_3m,lift,S_D_090,4.826297969451438,6
descendant_quality,future_high_like_child_count_3m,lift,S_D_095,4.83116612670339,6
descendant_quality,future_high_like_child_count_3m,lift,S_D_099,4.8345000572248775,6
descendant_quality,future_high_like_child_count_3m,lift,S_MEM_01,4.403348473767779,6
descendant_quality,future_high_like_child_count_3m,lift,S_MEM_03,4.714793094694638,6
descendant_quality,future_high_like_child_count_3m,lift,S_MEM_06,4.794739501716558,6
descendant_quality,future_high_like_child_count_3m,lift,S_MEM_12,4.789616025373237,6
descendant_quality,future_high_like_child_count_3m,lift,S_Q_000,3.5267385434086673,6
descendant_quality,future_high_like_child_count_3m,lift,S_Q_005,4.813062167944318,6
descendant_quality,future_high_like_child_count_3m,lift,S_Q_015,4.813062167944318,6
descendant_quality,future_high_like_child_count_3m,lift,S_Q_020,4.813062167944318,6
descendant_quality,future_high_like_child_count_3m,lift,S_Q_030,4.813062167944318,6
descendant_quality,future_high_like_child_count_3m,lift,S_Q_040,4.813062167944318,6
descendant_quality,future_high_like_child_count_3m,lift,S_Q_050,4.813062167944318,6
descendant_quality,future_high_like_child_count_3m,lift,S_Q_060,4.813062167944318,6
descendant_quality,future_high_like_child_count_3m,lift,S_Q_070,4.813062167944318,6
descendant_quality,future_high_like_child_count_3m,lift,S_Q_080,4.813062167944318,6
descendant_quality,future_high_like_child_count_3m,lift,S_Q_090,4.813062167944318,6
descendant_quality,future_high_like_child_count_3m,lift,S_Q_100,4.782578304371046,6
descendant_quality,future_high_like_child_count_3m,lift,S_WD_000,5.050900241276094,6
descendant_quality,future_high_like_child_count_3m,lift,S_WD_025,5.090117081995405,6
descendant_quality,future_high_like_child_count_3m,lift,S_WD_075,4.647511961623045,6
descendant_quality,future_high_like_child_count_3m,lift,S_WD_100,4.5668423595837,6
descendant_quality,future_high_like_child_count_3m,lift,Simplified_MTPR_time_safe_typed,4.353715247080448,6
descendant_quality,future_high_like_child_count_3m,lift,Vanilla PageRank,4.68020140633712,6
descendant_quality,future_nonzero_download_child_share_3m,lift,AllTime DerivCount,4.363420652941231,6
descendant_quality,future_nonzero_download_child_share_3m,lift,Current DerivCount,2.3678361797265475,6
descendant_quality,future_nonzero_download_child_share_3m,lift,Downloads,3.1415111744788025,6
descendant_quality,future_nonzero_download_child_share_3m,lift,EventValue_time_safe_typed,2.3678361797265475,6
descendant_quality,future_nonzero_download_child_share_3m,lift,Likes,4.188607525571391,6
descendant_quality,future_nonzero_download_child_share_3m,lift,MTPR_time_safe_typed,4.294507284259531,6
descendant_quality,future_nonzero_download_child_share_3m,lift,No PageRank propagation,4.1649004004826855,6
descendant_quality,future_nonzero_download_child_share_3m,lift,No child quality,4.339837885248684,6
descendant_quality,future_nonzero_download_child_share_3m,lift,No event injection,4.243856101989876,6
descendant_quality,future_nonzero_download_child_share_3m,lift,No parent size,4.252445610176438,6
descendant_quality,future_nonzero_download_child_share_3m,lift,No quality teleport,4.165309663153554,6
descendant_quality,future_nonzero_download_child_share_3m,lift,No temporal inheritance,4.212505677051017,6
descendant_quality,future_nonzero_download_child_share_3m,lift,No type weight,4.329396642451483,6
descendant_quality,future_nonzero_download_child_share_3m,lift,No-Propagation ModelRank,4.2172404520367,6
descendant_quality,future_nonzero_download_child_share_3m,lift,S_C3_Q10,4.656164792488361,6
descendant_quality,future_nonzero_download_child_share_3m,lift,S_D_000,4.2172404520367,6
descendant_quality,future_nonzero_download_child_share_3m,lift,S_D_025,4.625563332397551,6
descendant_quality,future_nonzero_download_child_share_3m,lift,S_D_050,4.657759543490909,6
descendant_quality,future_nonzero_download_child_share_3m,lift,S_D_065,4.653019595005994,6
descendant_quality,future_nonzero_download_child_share_3m,lift,S_D_075,4.650577590059977,6
descendant_quality,future_nonzero_download_child_share_3m,lift,S_D_090,4.661716883648283,6
descendant_quality,future_nonzero_download_child_share_3m,lift,S_D_095,4.67093178473547,6
descendant_quality,future_nonzero_download_child_share_3m,lift,S_D_099,4.6752711986492015,6
descendant_quality,future_nonzero_download_child_share_3m,lift,S_MEM_01,4.2172404520367,6
descendant_quality,future_nonzero_download_child_share_3m,lift,S_MEM_03,4.546526697456392,6
descendant_quality,future_nonzero_download_child_share_3m,lift,S_MEM_06,4.661393352769456,6
descendant_quality,future_nonzero_download_child_share_3m,lift,S_MEM_12,4.672180379809664,6
descendant_quality,future_nonzero_download_child_share_3m,lift,S_Q_000,2.607082247542996,6
descendant_quality,future_nonzero_download_child_share_3m,lift,S_Q_005,4.656164792488361,6
descendant_quality,future_nonzero_download_child_share_3m,lift,S_Q_015,4.656164792488361,6
descendant_quality,future_nonzero_download_child_share_3m,lift,S_Q_020,4.656164792488361,6
descendant_quality,future_nonzero_download_child_share_3m,lift,S_Q_030,4.656164792488361,6
descendant_quality,future_nonzero_download_child_share_3m,lift,S_Q_040,4.656164792488361,6
descendant_quality,future_nonzero_download_child_share_3m,lift,S_Q_050,4.656164792488361,6
descendant_quality,future_nonzero_download_child_share_3m,lift,S_Q_060,4.656164792488361,6
descendant_quality,future_nonzero_download_child_share_3m,lift,S_Q_070,4.656164792488361,6
descendant_quality,future_nonzero_download_child_share_3m,lift,S_Q_080,4.656164792488361,6
descendant_quality,future_nonzero_download_child_share_3m,lift,S_Q_090,4.6553352307276805,6
descendant_quality,future_nonzero_download_child_share_3m,lift,S_Q_100,4.62743044864565,6
descendant_quality,future_nonzero_download_child_share_3m,lift,S_WD_000,4.590337829293053,6
descendant_quality,future_nonzero_download_child_share_3m,lift,S_WD_025,4.872155615272078,6
descendant_quality,future_nonzero_download_child_share_3m,lift,S_WD_075,4.506348838543327,6
descendant_quality,future_nonzero_download_child_share_3m,lift,S_WD_100,4.422758247578198,6
descendant_quality,future_nonzero_download_child_share_3m,lift,Simplified_MTPR_time_safe_typed,4.167525593988997,6
descendant_quality,future_nonzero_download_child_share_3m,lift,Vanilla PageRank,4.363420652941231,6
descendant_quality,future_nonzero_like_child_share_3m,lift,AllTime DerivCount,4.970401228895595,6
descendant_quality,future_nonzero_like_child_share_3m,lift,Current DerivCount,2.6934909527362554,6
descendant_quality,future_nonzero_like_child_share_3m,lift,Downloads,3.107187362209151,6
descendant_quality,future_nonzero_like_child_share_3m,lift,EventValue_time_safe_typed,2.6934909527362563,6
descendant_quality,future_nonzero_like_child_share_3m,lift,Likes,5.052301505361755,6
descendant_quality,future_nonzero_like_child_share_3m,lift,MTPR_time_safe_typed,4.640802613361313,6
descendant_quality,future_nonzero_like_child_share_3m,lift,No PageRank propagation,4.5047344574499215,6
descendant_quality,future_nonzero_like_child_share_3m,lift,No child quality,4.678591359001834,6
descendant_quality,future_nonzero_like_child_share_3m,lift,No event injection,4.573009665444232,6
descendant_quality,future_nonzero_like_child_share_3m,lift,No parent size,4.595605703999225,6
descendant_quality,future_nonzero_like_child_share_3m,lift,No quality teleport,4.743549120264164,6
descendant_quality,future_nonzero_like_child_share_3m,lift,No temporal inheritance,4.539881723749435,6
descendant_quality,future_nonzero_like_child_share_3m,lift,No type weight,4.676045113954694,6
descendant_quality,future_nonzero_like_child_share_3m,lift,No-Propagation ModelRank,4.545614400829512,6
descendant_quality,future_nonzero_like_child_share_3m,lift,S_C3_Q10,5.151193797766684,6
descendant_quality,future_nonzero_like_child_share_3m,lift,S_D_000,4.545614400829512,6
descendant_quality,future_nonzero_like_child_share_3m,lift,S_D_025,5.050999242536541,6
descendant_quality,future_nonzero_like_child_share_3m,lift,S_D_050,5.116725334079355,6
descendant_quality,future_nonzero_like_child_share_3m,lift,S_D_065,5.131141993825747,6
descendant_quality,future_nonzero_like_child_share_3m,lift,S_D_075,5.155490850165129,6
descendant_quality,future_nonzero_like_child_share_3m,lift,S_D_090,5.165249814918963,6
descendant_quality,future_nonzero_like_child_share_3m,lift,S_D_095,5.175732866044604,6
descendant_quality,future_nonzero_like_child_share_3m,lift,S_D_099,5.181345777026206,6
descendant_quality,future_nonzero_like_child_share_3m,lift,S_MEM_01,4.545614400829512,6
descendant_quality,future_nonzero_like_child_share_3m,lift,S_MEM_03,4.958113242051038,6
descendant_quality,future_nonzero_like_child_share_3m,lift,S_MEM_06,5.055005435545335,6
descendant_quality,future_nonzero_like_child_share_3m,lift,S_MEM_12,5.087255885600208,6
descendant_quality,future_nonzero_like_child_share_3m,lift,S_Q_000,3.1205551781800396,6
descendant_quality,future_nonzero_like_child_share_3m,lift,S_Q_005,5.151193797766684,6
descendant_quality,future_nonzero_like_child_share_3m,lift,S_Q_015,5.151193797766684,6
descendant_quality,future_nonzero_like_child_share_3m,lift,S_Q_020,5.151193797766683,6
descendant_quality,future_nonzero_like_child_share_3m,lift,S_Q_030,5.151193797766683,6
descendant_quality,future_nonzero_like_child_share_3m,lift,S_Q_040,5.151193797766683,6
descendant_quality,future_nonzero_like_child_share_3m,lift,S_Q_050,5.151193797766683,6
descendant_quality,future_nonzero_like_child_share_3m,lift,S_Q_060,5.151193797766683,6
descendant_quality,future_nonzero_like_child_share_3m,lift,S_Q_070,5.151193797766683,6
descendant_quality,future_nonzero_like_child_share_3m,lift,S_Q_080,5.151193797766683,6
descendant_quality,future_nonzero_like_child_share_3m,lift,S_Q_090,5.151193797766683,6
descendant_quality,future_nonzero_like_child_share_3m,lift,S_Q_100,5.100806264609749,6
descendant_quality,future_nonzero_like_child_share_3m,lift,S_WD_000,5.49024118962772,6
descendant_quality,future_nonzero_like_child_share_3m,lift,S_WD_025,5.547712371888551,6
descendant_quality,future_nonzero_like_child_share_3m,lift,S_WD_075,4.907225876906472,6
descendant_quality,future_nonzero_like_child_share_3m,lift,S_WD_100,4.802966933241827,6
descendant_quality,future_nonzero_like_child_share_3m,lift,Simplified_MTPR_time_safe_typed,4.481038763099837,6
descendant_quality,future_nonzero_like_child_share_3m,lift,Vanilla PageRank,4.970401228895594,6
quantity,future_active_parent_binary_3m,auc,AllTime DerivCount,0.6768463302063236,6
quantity,future_active_parent_binary_3m,auc,Current DerivCount,0.5398247066700697,6
quantity,future_active_parent_binary_3m,auc,Downloads,0.6225585174949668,6
quantity,future_active_parent_binary_3m,auc,EventValue_time_safe_typed,0.5398071938869947,6
quantity,future_active_parent_binary_3m,auc,Likes,0.6761817732783043,6
quantity,future_active_parent_binary_3m,auc,MTPR_time_safe_typed,0.6785942576283231,6
quantity,future_active_parent_binary_3m,auc,No PageRank propagation,0.6738686774039011,6
quantity,future_active_parent_binary_3m,auc,No child quality,0.6807176797017361,6
quantity,future_active_parent_binary_3m,auc,No event injection,0.6762393004974615,6
quantity,future_active_parent_binary_3m,auc,No parent size,0.6769825306926333,6
quantity,future_active_parent_binary_3m,auc,No quality teleport,0.6666961605104218,6
quantity,future_active_parent_binary_3m,auc,No temporal inheritance,0.6864069094505592,6
quantity,future_active_parent_binary_3m,auc,No type weight,0.6803291544374682,6
quantity,future_active_parent_binary_3m,auc,No-Propagation ModelRank,0.6870292911366285,6
quantity,future_active_parent_binary_3m,auc,S_C3_Q10,0.7102704194780789,6
quantity,future_active_parent_binary_3m,auc,S_D_000,0.6870304425032128,6
quantity,future_active_parent_binary_3m,auc,S_D_025,0.7072972139024293,6
quantity,future_active_parent_binary_3m,auc,S_D_050,0.7098980064154313,6
quantity,future_active_parent_binary_3m,auc,S_D_065,0.7102370483048089,6
quantity,future_active_parent_binary_3m,auc,S_D_075,0.710260279214373,6
quantity,future_active_parent_binary_3m,auc,S_D_090,0.710209694328395,6
quantity,future_active_parent_binary_3m,auc,S_D_095,0.710119666345086,6
quantity,future_active_parent_binary_3m,auc,S_D_099,0.7099896982830316,6
quantity,future_active_parent_binary_3m,auc,S_MEM_01,0.6870271929327036,6
quantity,future_active_parent_binary_3m,auc,S_MEM_03,0.7018525823816265,6
quantity,future_active_parent_binary_3m,auc,S_MEM_06,0.7077336766523207,6
quantity,future_active_parent_binary_3m,auc,S_MEM_12,0.7108984715459674,6
quantity,future_active_parent_binary_3m,auc,S_Q_000,0.554633360655251,6
quantity,future_active_parent_binary_3m,auc,S_Q_005,0.7102628668342472,6
quantity,future_active_parent_binary_3m,auc,S_Q_015,0.7102697927588465,6
quantity,future_active_parent_binary_3m,auc,S_Q_020,0.7102728341356332,6
quantity,future_active_parent_binary_3m,auc,S_Q_030,0.7102776192515513,6
quantity,future_active_parent_binary_3m,auc,S_Q_040,0.7102809485400482,6
quantity,future_active_parent_binary_3m,auc,S_Q_050,0.7102894196454675,6
quantity,future_active_parent_binary_3m,auc,S_Q_060,0.7103020415480298,6
quantity,future_active_parent_binary_3m,auc,S_Q_070,0.7103059324733652,6
quantity,future_active_parent_binary_3m,auc,S_Q_080,0.7102872120524389,6
quantity,future_active_parent_binary_3m,auc,S_Q_090,0.7101731529124428,6
quantity,future_active_parent_binary_3m,auc,S_Q_100,0.7081474577234407,6
quantity,future_active_parent_binary_3m,auc,S_WD_000,0.6991785227826807,6
quantity,future_active_parent_binary_3m,auc,S_WD_025,0.7169491446404531,6
quantity,future_active_parent_binary_3m,auc,S_WD_075,0.6991156581197796,6
quantity,future_active_parent_binary_3m,auc,S_WD_100,0.6882554466250029,6
quantity,future_active_parent_binary_3m,auc,Simplified_MTPR_time_safe_typed,0.6850819905030735,6
quantity,future_active_parent_binary_3m,auc,Vanilla PageRank,0.6759989042003154,6
quantity,future_active_parent_months_3m,lift,AllTime DerivCount,4.454607408860393,6
quantity,future_active_parent_months_3m,lift,Current DerivCount,2.445974271075262,6
quantity,future_active_parent_months_3m,lift,Downloads,3.158160624229973,6
quantity,future_active_parent_months_3m,lift,EventValue_time_safe_typed,2.445974271075262,6
quantity,future_active_parent_months_3m,lift,Likes,4.376341925243731,6
quantity,future_active_parent_months_3m,lift,MTPR_time_safe_typed,4.4769109161530345,6
quantity,future_active_parent_months_3m,lift,No PageRank propagation,4.349060936904156,6
quantity,future_active_parent_months_3m,lift,No child quality,4.534486417386006,6
quantity,future_active_parent_months_3m,lift,No event injection,4.423028509257334,6
quantity,future_active_parent_months_3m,lift,No parent size,4.4314478686811505,6
quantity,future_active_parent_months_3m,lift,No quality teleport,4.263437128457745,6
quantity,future_active_parent_months_3m,lift,No temporal inheritance,4.390383602705986,6
quantity,future_active_parent_months_3m,lift,No type weight,4.520694759001345,6
quantity,future_active_parent_months_3m,lift,No-Propagation ModelRank,4.4089443259425565,6
quantity,future_active_parent_months_3m,lift,S_C3_Q10,4.808723394026059,6
quantity,future_active_parent_months_3m,lift,S_D_000,4.4089443259425565,6
quantity,future_active_parent_months_3m,lift,S_D_025,4.79555089467173,6
quantity,future_active_parent_months_3m,lift,S_D_050,4.817637645165523,6
quantity,future_active_parent_months_3m,lift,S_D_065,4.81254629694763,6
quantity,future_active_parent_months_3m,lift,S_D_075,4.806838147582197,6
quantity,future_active_parent_months_3m,lift,S_D_090,4.810506654257681,6
quantity,future_active_parent_months_3m,lift,S_D_095,4.818023832464838,6
quantity,future_active_parent_months_3m,lift,S_D_099,4.822199976972946,6
quantity,future_active_parent_months_3m,lift,S_MEM_01,4.4089443259425565,6
quantity,future_active_parent_months_3m,lift,S_MEM_03,4.743338120343208,6
quantity,future_active_parent_months_3m,lift,S_MEM_06,4.851404035823044,6
quantity,future_active_parent_months_3m,lift,S_MEM_12,4.838752149381294,6
quantity,future_active_parent_months_3m,lift,S_Q_000,2.706130796144104,6
quantity,future_active_parent_months_3m,lift,S_Q_005,4.808723394026059,6
quantity,future_active_parent_months_3m,lift,S_Q_015,4.808723394026059,6
quantity,future_active_parent_months_3m,lift,S_Q_020,4.808723394026059,6
quantity,future_active_parent_months_3m,lift,S_Q_030,4.808723394026059,6
quantity,future_active_parent_months_3m,lift,S_Q_040,4.808723394026059,6
quantity,future_active_parent_months_3m,lift,S_Q_050,4.808723394026059,6
quantity,future_active_parent_months_3m,lift,S_Q_060,4.808723394026059,6
quantity,future_active_parent_months_3m,lift,S_Q_070,4.808723394026059,6
quantity,future_active_parent_months_3m,lift,S_Q_080,4.808079646126172,6
quantity,future_active_parent_months_3m,lift,S_Q_090,4.807435898226285,6
quantity,future_active_parent_months_3m,lift,S_Q_100,4.7636839488147835,6
quantity,future_active_parent_months_3m,lift,S_WD_000,4.794977891088265,6
quantity,future_active_parent_months_3m,lift,S_WD_025,5.052575496273906,6
quantity,future_active_parent_months_3m,lift,S_WD_075,4.61202599229181,6
quantity,future_active_parent_months_3m,lift,S_WD_100,4.521071200353911,6
quantity,future_active_parent_months_3m,lift,Simplified_MTPR_time_safe_typed,4.345349169619475,6
quantity,future_active_parent_months_3m,lift,Vanilla PageRank,4.454607408860393,6
quantity,future_direct_children_3m,lift,AllTime DerivCount,4.183340202813678,6
quantity,future_direct_children_3m,lift,Current DerivCount,2.6499732611828897,6
quantity,future_direct_children_3m,lift,Downloads,2.8244803005969055,6
quantity,future_direct_children_3m,lift,EventValue_time_safe_typed,2.6499732611828897,6
quantity,future_direct_children_3m,lift,Likes,3.8410292660454446,6
quantity,future_direct_children_3m,lift,MTPR_time_safe_typed,4.148124374406841,6
quantity,future_direct_children_3m,lift,No PageRank propagation,4.03717592300526,6
quantity,future_direct_children_3m,lift,No child quality,4.198893984307367,6
quantity,future_direct_children_3m,lift,No event injection,4.107088340565489,6
quantity,future_direct_children_3m,lift,No parent size,4.11261989353191,6
quantity,future_direct_children_3m,lift,No quality teleport,4.043656664995173,6
quantity,future_direct_children_3m,lift,No temporal inheritance,4.050436752702125,6
quantity,future_direct_children_3m,lift,No type weight,4.1845547972786195,6
quantity,future_direct_children_3m,lift,No-Propagation ModelRank,4.0699974242841295,6
quantity,future_direct_children_3m,lift,S_C3_Q10,4.514635856037984,6
quantity,future_direct_children_3m,lift,S_D_000,4.0699974242841295,6
quantity,future_direct_children_3m,lift,S_D_025,4.527309151656467,6
quantity,future_direct_children_3m,lift,S_D_050,4.5458247439826875,6
quantity,future_direct_children_3m,lift,S_D_065,4.531845537841274,6
quantity,future_direct_children_3m,lift,S_D_075,4.516565455717513,6
quantity,future_direct_children_3m,lift,S_D_090,4.497271569451388,6
quantity,future_direct_children_3m,lift,S_D_095,4.504059359022632,6
quantity,future_direct_children_3m,lift,S_D_099,4.504334417022251,6
quantity,future_direct_children_3m,lift,S_MEM_01,4.0699974242841295,6
quantity,future_direct_children_3m,lift,S_MEM_03,4.365648319145286,6
quantity,future_direct_children_3m,lift,S_MEM_06,4.510318270053397,6
quantity,future_direct_children_3m,lift,S_MEM_12,4.567523246199382,6
quantity,future_direct_children_3m,lift,S_Q_000,2.866984163289383,6
quantity,future_direct_children_3m,lift,S_Q_005,4.514635856037984,6
quantity,future_direct_children_3m,lift,S_Q_015,4.514635856037984,6
quantity,future_direct_children_3m,lift,S_Q_020,4.514635856037984,6
quantity,future_direct_children_3m,lift,S_Q_030,4.514635856037984,6
quantity,future_direct_children_3m,lift,S_Q_040,4.514635856037984,6
quantity,future_direct_children_3m,lift,S_Q_050,4.514635856037984,6
quantity,future_direct_children_3m,lift,S_Q_060,4.514635856037984,6
quantity,future_direct_children_3m,lift,S_Q_070,4.514635856037984,6
quantity,future_direct_children_3m,lift,S_Q_080,4.514328919884613,6
quantity,future_direct_children_3m,lift,S_Q_090,4.514021983731241,6
quantity,future_direct_children_3m,lift,S_Q_100,4.478011260751937,6
quantity,future_direct_children_3m,lift,S_WD_000,4.229757104838944,6
quantity,future_direct_children_3m,lift,S_WD_025,4.655321541947777,6
quantity,future_direct_children_3m,lift,S_WD_075,4.404388150761481,6
quantity,future_direct_children_3m,lift,S_WD_100,4.307371101152458,6
quantity,future_direct_children_3m,lift,Simplified_MTPR_time_safe_typed,4.0157817255983215,6
quantity,future_direct_children_3m,lift,Vanilla PageRank,4.183340202813678,6
repropagation,future_child_becomes_parent_share_3m,lift,AllTime DerivCount,8.239336356865863,3
repropagation,future_child_becomes_parent_share_3m,lift,Current DerivCount,3.199971678899279,3
repropagation,future_child_becomes_parent_share_3m,lift,Downloads,5.240787010252717,3
repropagation,future_child_becomes_parent_share_3m,lift,EventValue_time_safe_typed,3.199971678899279,3
repropagation,future_child_becomes_parent_share_3m,lift,Likes,7.378785171468205,3
repropagation,future_child_becomes_parent_share_3m,lift,MTPR_time_safe_typed,7.2796152678988895,3
repropagation,future_child_becomes_parent_share_3m,lift,No PageRank propagation,7.339918379389824,3
repropagation,future_child_becomes_parent_share_3m,lift,No child quality,7.353238149229665,3
repropagation,future_child_becomes_parent_share_3m,lift,No event injection,7.2796152678988895,3
repropagation,future_child_becomes_parent_share_3m,lift,No parent size,7.2796152678988895,3
repropagation,future_child_becomes_parent_share_3m,lift,No quality teleport,8.013574053369524,3
repropagation,future_child_becomes_parent_share_3m,lift,No temporal inheritance,6.958869479258357,3
repropagation,future_child_becomes_parent_share_3m,lift,No type weight,7.323086593484198,3
repropagation,future_child_becomes_parent_share_3m,lift,No-Propagation ModelRank,7.002340804843666,3
repropagation,future_child_becomes_parent_share_3m,lift,S_C3_Q10,8.452758719754812,3
repropagation,future_child_becomes_parent_share_3m,lift,S_D_000,7.002340804843666,3
repropagation,future_child_becomes_parent_share_3m,lift,S_D_025,8.169667261695572,3
repropagation,future_child_becomes_parent_share_3m,lift,S_D_050,8.40164551805678,3
repropagation,future_child_becomes_parent_share_3m,lift,S_D_065,8.40164551805678,3
repropagation,future_child_becomes_parent_share_3m,lift,S_D_075,8.40164551805678,3
repropagation,future_child_becomes_parent_share_3m,lift,S_D_090,8.452758719754812,3
repropagation,future_child_becomes_parent_share_3m,lift,S_D_095,8.452758719754812,3
repropagation,future_child_becomes_parent_share_3m,lift,S_D_099,8.45275871975481,3
repropagation,future_child_becomes_parent_share_3m,lift,S_MEM_01,7.002340804843665,3
repropagation,future_child_becomes_parent_share_3m,lift,S_MEM_03,7.353448639776912,3
repropagation,future_child_becomes_parent_share_3m,lift,S_MEM_06,7.7198638722807305,3
repropagation,future_child_becomes_parent_share_3m,lift,S_MEM_12,8.318311692283793,3
repropagation,future_child_becomes_parent_share_3m,lift,S_Q_000,4.598798454571849,3
repropagation,future_child_becomes_parent_share_3m,lift,S_Q_005,8.45275871975481,3
repropagation,future_child_becomes_parent_share_3m,lift,S_Q_015,8.45275871975481,3
repropagation,future_child_becomes_parent_share_3m,lift,S_Q_020,8.45275871975481,3
repropagation,future_child_becomes_parent_share_3m,lift,S_Q_030,8.452758719754812,3
repropagation,future_child_becomes_parent_share_3m,lift,S_Q_040,8.45275871975481,3
repropagation,future_child_becomes_parent_share_3m,lift,S_Q_050,8.452758719754812,3
repropagation,future_child_becomes_parent_share_3m,lift,S_Q_060,8.45275871975481,3
repropagation,future_child_becomes_parent_share_3m,lift,S_Q_070,8.452758719754812,3
repropagation,future_child_becomes_parent_share_3m,lift,S_Q_080,8.452758719754812,3
repropagation,future_child_becomes_parent_share_3m,lift,S_Q_090,8.45275871975481,3
repropagation,future_child_becomes_parent_share_3m,lift,S_Q_100,8.409287394169503,3
repropagation,future_child_becomes_parent_share_3m,lift,S_WD_000,8.07883750183606,3
repropagation,future_child_becomes_parent_share_3m,lift,S_WD_025,8.459147869967063,3
repropagation,future_child_becomes_parent_share_3m,lift,S_WD_075,8.312583787231219,3
repropagation,future_child_becomes_parent_share_3m,lift,S_WD_100,8.217456085393758,3
repropagation,future_child_becomes_parent_share_3m,lift,Simplified_MTPR_time_safe_typed,6.958869479258357,3
repropagation,future_child_becomes_parent_share_3m,lift,Vanilla PageRank,8.239336356865863,3
repropagation,future_child_future_child_count_mean_3m,lift,AllTime DerivCount,8.541796037234628,3
repropagation,future_child_future_child_count_mean_3m,lift,Current DerivCount,3.142523147434437,3
repropagation,future_child_future_child_count_mean_3m,lift,Downloads,6.296348370330392,3
repropagation,future_child_future_child_count_mean_3m,lift,EventValue_time_safe_typed,3.142523147434437,3
repropagation,future_child_future_child_count_mean_3m,lift,Likes,7.732214628770961,3
repropagation,future_child_future_child_count_mean_3m,lift,MTPR_time_safe_typed,7.8534551404757655,3
repropagation,future_child_future_child_count_mean_3m,lift,No PageRank propagation,7.885156609036883,3
repropagation,future_child_future_child_count_mean_3m,lift,No child quality,7.902983366952846,3
repropagation,future_child_future_child_count_mean_3m,lift,No event injection,7.8534551404757655,3
repropagation,future_child_future_child_count_mean_3m,lift,No parent size,7.8534551404757655,3
repropagation,future_child_future_child_count_mean_3m,lift,No quality teleport,8.340194565720411,3
repropagation,future_child_future_child_count_mean_3m,lift,No temporal inheritance,7.661856091459019,3
repropagation,future_child_future_child_count_mean_3m,lift,No type weight,7.887132632672287,3
repropagation,future_child_future_child_count_mean_3m,lift,No-Propagation ModelRank,7.695533583655542,3
repropagation,future_child_future_child_count_mean_3m,lift,S_C3_Q10,8.695271739110126,3
repropagation,future_child_future_child_count_mean_3m,lift,S_D_000,7.695533583655542,3
repropagation,future_child_future_child_count_mean_3m,lift,S_D_025,8.440529870867119,3
repropagation,future_child_future_child_count_mean_3m,lift,S_D_050,8.671312287058662,3
repropagation,future_child_future_child_count_mean_3m,lift,S_D_065,8.67131228705866,3
repropagation,future_child_future_child_count_mean_3m,lift,S_D_075,8.67131228705866,3
repropagation,future_child_future_child_count_mean_3m,lift,S_D_090,8.695271739110126,3
repropagation,future_child_future_child_count_mean_3m,lift,S_D_095,8.695271739110126,3
repropagation,future_child_future_child_count_mean_3m,lift,S_D_099,8.695271739110126,3
repropagation,future_child_future_child_count_mean_3m,lift,S_MEM_01,7.695533583655542,3
repropagation,future_child_future_child_count_mean_3m,lift,S_MEM_03,7.908969392405798,3
repropagation,future_child_future_child_count_mean_3m,lift,S_MEM_06,8.178350601908056,3
repropagation,future_child_future_child_count_mean_3m,lift,S_MEM_12,8.627585041752829,3
repropagation,future_child_future_child_count_mean_3m,lift,S_Q_000,4.608318376051817,3
repropagation,future_child_future_child_count_mean_3m,lift,S_Q_005,8.695271739110126,3
repropagation,future_child_future_child_count_mean_3m,lift,S_Q_015,8.695271739110126,3
repropagation,future_child_future_child_count_mean_3m,lift,S_Q_020,8.695271739110126,3
repropagation,future_child_future_child_count_mean_3m,lift,S_Q_030,8.695271739110128,3
repropagation,future_child_future_child_count_mean_3m,lift,S_Q_040,8.695271739110126,3
repropagation,future_child_future_child_count_mean_3m,lift,S_Q_050,8.695271739110128,3
repropagation,future_child_future_child_count_mean_3m,lift,S_Q_060,8.695271739110128,3
repropagation,future_child_future_child_count_mean_3m,lift,S_Q_070,8.695271739110126,3
repropagation,future_child_future_child_count_mean_3m,lift,S_Q_080,8.695271739110126,3
repropagation,future_child_future_child_count_mean_3m,lift,S_Q_090,8.695271739110126,3
repropagation,future_child_future_child_count_mean_3m,lift,S_Q_100,8.661594246913605,3
repropagation,future_child_future_child_count_mean_3m,lift,S_WD_000,8.382132583822719,3
repropagation,future_child_future_child_count_mean_3m,lift,S_WD_025,8.704256533629426,3
repropagation,future_child_future_child_count_mean_3m,lift,S_WD_075,8.61682631368916,3
repropagation,future_child_future_child_count_mean_3m,lift,S_WD_100,8.55515250470422,3
repropagation,future_child_future_child_count_mean_3m,lift,Simplified_MTPR_time_safe_typed,7.661856091459019,3
repropagation,future_child_future_child_count_mean_3m,lift,Vanilla PageRank,8.541796037234628,3
repropagation,future_child_future_child_count_median_3m,lift,AllTime DerivCount,8.82184292757595,3
repropagation,future_child_future_child_count_median_3m,lift,Current DerivCount,2.9849392720050805,3
repropagation,future_child_future_child_count_median_3m,lift,Downloads,6.327473060494246,3
repropagation,future_child_future_child_count_median_3m,lift,EventValue_time_safe_typed,2.9849392720050805,3
repropagation,future_child_future_child_count_median_3m,lift,Likes,7.943659570049476,3
repropagation,future_child_future_child_count_median_3m,lift,MTPR_time_safe_typed,7.995542779751228,3
repropagation,future_child_future_child_count_median_3m,lift,No PageRank propagation,8.03157821034311,3
repropagation,future_child_future_child_count_median_3m,lift,No child quality,8.013560495047168,3
repropagation,future_child_future_child_count_median_3m,lift,No event injection,7.995542779751228,3
repropagation,future_child_future_child_count_median_3m,lift,No parent size,7.995542779751228,3
repropagation,future_child_future_child_count_median_3m,lift,No quality teleport,8.628320757317299,3
repropagation,future_child_future_child_count_median_3m,lift,No temporal inheritance,7.7226161569462635,3
repropagation,future_child_future_child_count_median_3m,lift,No type weight,7.995542779751228,3
repropagation,future_child_future_child_count_median_3m,lift,No-Propagation ModelRank,7.7226161569462635,3
repropagation,future_child_future_child_count_median_3m,lift,S_C3_Q10,8.964899681850442,3
repropagation,future_child_future_child_count_median_3m,lift,S_D_000,7.7226161569462635,3
repropagation,future_child_future_child_count_median_3m,lift,S_D_025,8.635417151347026,3
repropagation,future_child_future_child_count_median_3m,lift,S_D_050,8.936039711065893,3
repropagation,future_child_future_child_count_median_3m,lift,S_D_065,8.936039711065893,3
repropagation,future_child_future_child_count_median_3m,lift,S_D_075,8.936039711065893,3
repropagation,future_child_future_child_count_median_3m,lift,S_D_090,8.964899681850442,3
repropagation,future_child_future_child_count_median_3m,lift,S_D_095,8.964899681850442,3
repropagation,future_child_future_child_count_median_3m,lift,S_D_099,8.964899681850442,3
repropagation,future_child_future_child_count_median_3m,lift,S_MEM_01,7.7226161569462635,3
repropagation,future_child_future_child_count_median_3m,lift,S_MEM_03,8.013560495047168,3
repropagation,future_child_future_child_count_median_3m,lift,S_MEM_06,8.326613229505396,3
repropagation,future_child_future_child_count_median_3m,lift,S_MEM_12,8.882568582113393,3
repropagation,future_child_future_child_count_median_3m,lift,S_Q_000,4.57047423009202,3
repropagation,future_child_future_child_count_median_3m,lift,S_Q_005,8.964899681850442,3
repropagation,future_child_future_child_count_median_3m,lift,S_Q_015,8.964899681850442,3
repropagation,future_child_future_child_count_median_3m,lift,S_Q_020,8.964899681850442,3
repropagation,future_child_future_child_count_median_3m,lift,S_Q_030,8.964899681850442,3
repropagation,future_child_future_child_count_median_3m,lift,S_Q_040,8.964899681850442,3
repropagation,future_child_future_child_count_median_3m,lift,S_Q_050,8.964899681850442,3
repropagation,future_child_future_child_count_median_3m,lift,S_Q_060,8.964899681850442,3
repropagation,future_child_future_child_count_median_3m,lift,S_Q_070,8.964899681850442,3
repropagation,future_child_future_child_count_median_3m,lift,S_Q_080,8.964899681850442,3
repropagation,future_child_future_child_count_median_3m,lift,S_Q_090,8.964899681850442,3
repropagation,future_child_future_child_count_median_3m,lift,S_Q_100,8.964899681850442,3
repropagation,future_child_future_child_count_median_3m,lift,S_WD_000,8.580940120079097,3
repropagation,future_child_future_child_count_median_3m,lift,S_WD_025,8.964899681850442,3
repropagation,future_child_future_child_count_median_3m,lift,S_WD_075,8.90000428047401,3
repropagation,future_child_future_child_count_median_3m,lift,S_WD_100,8.849538864489853,3
repropagation,future_child_future_child_count_median_3m,lift,Simplified_MTPR_time_safe_typed,7.7226161569462635,3
repropagation,future_child_future_child_count_median_3m,lift,Vanilla PageRank,8.82184292757595,3
repropagation,future_child_second_order_diffusion_share_3m,lift,AllTime DerivCount,8.640455635175476,3
repropagation,future_child_second_order_diffusion_share_3m,lift,Current DerivCount,3.1607770784765403,3
repropagation,future_child_second_order_diffusion_share_3m,lift,Downloads,6.516794413798432,3
repropagation,future_child_second_order_diffusion_share_3m,lift,EventValue_time_safe_typed,3.1607770784765403,3
repropagation,future_child_second_order_diffusion_share_3m,lift,Likes,7.701052270389319,3
repropagation,future_child_second_order_diffusion_share_3m,lift,MTPR_time_safe_typed,8.180402465660606,3
repropagation,future_child_second_order_diffusion_share_3m,lift,No PageRank propagation,8.180402465660606,3
repropagation,future_child_second_order_diffusion_share_3m,lift,No child quality,8.209939256393705,3
repropagation,future_child_second_order_diffusion_share_3m,lift,No event injection,8.180402465660606,3
repropagation,future_child_second_order_diffusion_share_3m,lift,No parent size,8.180402465660606,3
repropagation,future_child_second_order_diffusion_share_3m,lift,No quality teleport,8.257282941206107,3
repropagation,future_child_second_order_diffusion_share_3m,lift,No temporal inheritance,8.106417546048789,3
repropagation,future_child_second_order_diffusion_share_3m,lift,No type weight,8.209939256393705,3
repropagation,future_child_second_order_diffusion_share_3m,lift,No-Propagation ModelRank,8.135954336781886,3
repropagation,future_child_second_order_diffusion_share_3m,lift,S_C3_Q10,8.814663916418077,3
repropagation,future_child_second_order_diffusion_share_3m,lift,S_D_000,8.135954336781886,3
repropagation,future_child_second_order_diffusion_share_3m,lift,S_D_025,8.52015366576155,3
repropagation,future_child_second_order_diffusion_share_3m,lift,S_D_050,8.814663916418077,3
repropagation,future_child_second_order_diffusion_share_3m,lift,S_D_065,8.814663916418077,3
repropagation,future_child_second_order_diffusion_share_3m,lift,S_D_075,8.814663916418077,3
repropagation,future_child_second_order_diffusion_share_3m,lift,S_D_090,8.814663916418077,3
repropagation,future_child_second_order_diffusion_share_3m,lift,S_D_095,8.814663916418077,3
repropagation,future_child_second_order_diffusion_share_3m,lift,S_D_099,8.814663916418077,3
repropagation,future_child_second_order_diffusion_share_3m,lift,S_MEM_01,8.135954336781886,3
repropagation,future_child_second_order_diffusion_share_3m,lift,S_MEM_03,8.224707651760253,3
repropagation,future_child_second_order_diffusion_share_3m,lift,S_MEM_06,8.365046461077625,3
repropagation,future_child_second_order_diffusion_share_3m,lift,S_MEM_12,8.814663916418077,3
repropagation,future_child_second_order_diffusion_share_3m,lift,S_Q_000,4.50072838777073,3
repropagation,future_child_second_order_diffusion_share_3m,lift,S_Q_005,8.814663916418077,3
repropagation,future_child_second_order_diffusion_share_3m,lift,S_Q_015,8.814663916418077,3
repropagation,future_child_second_order_diffusion_share_3m,lift,S_Q_020,8.814663916418077,3
repropagation,future_child_second_order_diffusion_share_3m,lift,S_Q_030,8.814663916418077,3
repropagation,future_child_second_order_diffusion_share_3m,lift,S_Q_040,8.814663916418077,3
repropagation,future_child_second_order_diffusion_share_3m,lift,S_Q_050,8.814663916418077,3
repropagation,future_child_second_order_diffusion_share_3m,lift,S_Q_060,8.814663916418077,3
repropagation,future_child_second_order_diffusion_share_3m,lift,S_Q_070,8.814663916418077,3
repropagation,future_child_second_order_diffusion_share_3m,lift,S_Q_080,8.814663916418077,3
repropagation,future_child_second_order_diffusion_share_3m,lift,S_Q_090,8.814663916418077,3
repropagation,future_child_second_order_diffusion_share_3m,lift,S_Q_100,8.785127125684982,3
repropagation,future_child_second_order_diffusion_share_3m,lift,S_WD_000,8.497962019376564,3
repropagation,future_child_second_order_diffusion_share_3m,lift,S_WD_025,8.829432311784625,3
repropagation,future_child_second_order_diffusion_share_3m,lift,S_WD_075,8.770573144487043,3
repropagation,future_child_second_order_diffusion_share_3m,lift,S_WD_100,8.748527758521526,3
repropagation,future_child_second_order_diffusion_share_3m,lift,Simplified_MTPR_time_safe_typed,8.106417546048789,3
repropagation,future_child_second_order_diffusion_share_3m,lift,Vanilla PageRank,8.640455635175476,3
